/home/adam/Pictures/vat/1100181130_08643466_20180419.jpg,856,675,1278,751,code
/home/adam/Pictures/vat/1100181130_08643466_20180419.jpg,2371,694,2731,776,number
/home/adam/Pictures/vat/1100181130_08643466_20180419.jpg,2608,866,2910,916,date
/home/adam/Pictures/vat/1100181130_08643466_20180419.jpg,990,1833,1982,2072,seller
/home/adam/Pictures/vat/1100181130_08643466_20180419.jpg,1008,934,1994,1179,buyer
/home/adam/Pictures/vat/2200172320_02459270_20180330.jpg,797,545,1228,622,code
/home/adam/Pictures/vat/2200172320_02459270_20180330.jpg,2296,503,2573,574,number
/home/adam/Pictures/vat/2200172320_02459270_20180330.jpg,2494,619,2810,669,date
/home/adam/Pictures/vat/2200172320_02459270_20180330.jpg,942,1685,1984,1913,seller
/home/adam/Pictures/vat/2200172320_02459270_20180330.jpg,1990,1630,2636,1699,check_code
/home/adam/Pictures/vat/2200172320_02459270_20180330.jpg,905,773,1948,1031,buyer
/home/adam/Pictures/vat/1100182130_02288769_20180427.jpg,876,570,1295,637,code
/home/adam/Pictures/vat/1100182130_02288769_20180427.jpg,2389,569,2742,642,number
/home/adam/Pictures/vat/1100182130_02288769_20180427.jpg,2607,728,2910,776,date
/home/adam/Pictures/vat/1100182130_02288769_20180427.jpg,1003,1719,2012,1944,seller
/home/adam/Pictures/vat/1100182130_02288769_20180427.jpg,1011,820,2014,1056,buyer
/home/adam/Pictures/vat/3702181130_02725521_20180510.jpg,377,118,791,179,code
/home/adam/Pictures/vat/3702181130_02725521_20180510.jpg,519,363,1517,591,buyer
/home/adam/Pictures/vat/3702181130_02725521_20180510.jpg,1893,111,2245,179,number
/home/adam/Pictures/vat/3702181130_02725521_20180510.jpg,2115,259,2419,304,date
/home/adam/Pictures/vat/3702181130_02725521_20180510.jpg,514,1241,1516,1453,seller
/home/adam/Pictures/vat/3702181130_02725522_20180510.jpg,394,120,811,182,code
/home/adam/Pictures/vat/3702181130_02725522_20180510.jpg,1911,108,2266,176,number
/home/adam/Pictures/vat/3702181130_02725522_20180510.jpg,2137,263,2439,307,date
/home/adam/Pictures/vat/3702181130_02725522_20180510.jpg,535,361,1538,589,buyer
/home/adam/Pictures/vat/3702181130_02725522_20180510.jpg,532,1238,1535,1451,seller
/home/adam/Pictures/vat/1100174130_08428721_20180418.jpg,873,516,1288,618,code
/home/adam/Pictures/vat/1100174130_08428721_20180418.jpg,2314,585,2662,687,number
/home/adam/Pictures/vat/1100174130_08428721_20180418.jpg,2510,742,2811,810,date
/home/adam/Pictures/vat/1100174130_08428721_20180418.jpg,954,1631,1917,1887,seller
/home/adam/Pictures/vat/1100174130_08428721_20180418.jpg,990,773,1958,1034,buyer
/home/adam/Pictures/vat/1100182130_02288775_20180427.jpg,816,615,1234,683,code
/home/adam/Pictures/vat/1100182130_02288775_20180427.jpg,2326,603,2680,678,number
/home/adam/Pictures/vat/1100182130_02288775_20180427.jpg,2547,757,2849,804,date
/home/adam/Pictures/vat/1100182130_02288775_20180427.jpg,953,1765,1965,1986,seller
/home/adam/Pictures/vat/1100182130_02288775_20180427.jpg,953,865,1958,1099,buyer
/home/adam/Pictures/vat/4100162350_09456649_20170908.jpg,271,77,555,116,code
/home/adam/Pictures/vat/4100162350_09456649_20170908.jpg,348,237,1040,392,buyer
/home/adam/Pictures/vat/4100162350_09456649_20170908.jpg,1297,74,1480,120,number
/home/adam/Pictures/vat/4100162350_09456649_20170908.jpg,1426,170,1638,200,date
/home/adam/Pictures/vat/4100162350_09456649_20170908.jpg,1054,820,1479,850,check_code
/home/adam/Pictures/vat/4100162350_09456649_20170908.jpg,345,824,1038,968,seller
/home/adam/Pictures/vat/1100174130_09958175_20180208.jpg,660,549,1086,637,code
/home/adam/Pictures/vat/1100174130_09958175_20180208.jpg,2173,534,2535,615,number
/home/adam/Pictures/vat/1100174130_09958175_20180208.jpg,2391,681,2716,732,date
/home/adam/Pictures/vat/1100174130_09958175_20180208.jpg,810,1700,1816,1929,seller
/home/adam/Pictures/vat/1100174130_09958175_20180208.jpg,807,801,1810,1034,buyer
/home/adam/Pictures/vat/1200171320_15188000_20170918.jpg,270,73,559,120,code
/home/adam/Pictures/vat/1200171320_15188000_20170918.jpg,266,187,658,220,check_code
/home/adam/Pictures/vat/1200171320_15188000_20170918.jpg,1301,65,1481,115,number
/home/adam/Pictures/vat/1200171320_15188000_20170918.jpg,1435,178,1643,213,date
/home/adam/Pictures/vat/1200171320_15188000_20170918.jpg,351,814,1038,965,seller
/home/adam/Pictures/vat/1200171320_15188000_20170918.jpg,352,236,1042,392,buyer
/home/adam/Pictures/vat/1100181130_16283226_20180402.jpg,743,621,1158,686,code
/home/adam/Pictures/vat/1100181130_16283226_20180402.jpg,2254,617,2614,693,number
/home/adam/Pictures/vat/1100181130_16283226_20180402.jpg,2456,762,2776,807,date
/home/adam/Pictures/vat/1100181130_16283226_20180402.jpg,851,1760,1879,1987,seller
/home/adam/Pictures/vat/1100181130_16283226_20180402.jpg,851,861,1887,1098,buyer
/home/adam/Pictures/vat/1100182130_05002312_20180502.jpg,772,932,1191,999,code
/home/adam/Pictures/vat/1100182130_05002312_20180502.jpg,2289,921,2646,994,number
/home/adam/Pictures/vat/1100182130_05002312_20180502.jpg,2494,1064,2795,1113,date
/home/adam/Pictures/vat/1100182130_05002312_20180502.jpg,902,2073,1923,2294,seller
/home/adam/Pictures/vat/1100182130_05002312_20180502.jpg,900,1175,1920,1414,buyer
/home/adam/Pictures/vat/1100174320_88157283_20180614_795745.jpg,366,113,792,179,code
/home/adam/Pictures/vat/1100174320_88157283_20180614_795745.jpg,379,281,954,326,check_code
/home/adam/Pictures/vat/1100174320_88157283_20180614_795745.jpg,1868,121,2147,188,number
/home/adam/Pictures/vat/1100174320_88157283_20180614_795745.jpg,2122,271,2432,318,date
/home/adam/Pictures/vat/1100174320_88157283_20180614_795745.jpg,502,1237,1502,1459,seller
/home/adam/Pictures/vat/1100174320_88157283_20180614_795745.jpg,510,354,1511,589,buyer
/home/adam/Pictures/vat/3500171350_07520665_20180419.jpg,821,603,1246,670,code
/home/adam/Pictures/vat/3500171350_07520665_20180419.jpg,822,784,1388,829,check_code
/home/adam/Pictures/vat/3500171350_07520665_20180419.jpg,2324,604,2597,672,number
/home/adam/Pictures/vat/3500171350_07520665_20180419.jpg,2548,764,2850,813,date
/home/adam/Pictures/vat/3500171350_07520665_20180419.jpg,944,1756,1963,1977,seller
/home/adam/Pictures/vat/3500171350_07520665_20180419.jpg,949,858,1963,1081,buyer
/home/adam/Pictures/vat/3100174320_29795966_20180517_584700.jpg,393,117,821,188,code
/home/adam/Pictures/vat/3100174320_29795966_20180517_584700.jpg,1910,123,2179,192,number
/home/adam/Pictures/vat/3100174320_29795966_20180517_584700.jpg,2083,270,2401,310,date
/home/adam/Pictures/vat/3100174320_29795966_20180517_584700.jpg,482,357,1541,587,buyer
/home/adam/Pictures/vat/3100174320_29795966_20180517_584700.jpg,476,1233,1539,1452,seller
/home/adam/Pictures/vat/3100174320_29795966_20180517_584700.jpg,1524,1237,2156,1288,check_code
/home/adam/Pictures/vat/3500174320_02118965_20180413.jpg,839,549,1258,621,code
/home/adam/Pictures/vat/3500174320_02118965_20180413.jpg,801,724,1371,777,check_code
/home/adam/Pictures/vat/3500174320_02118965_20180413.jpg,932,807,1968,1040,buyer
/home/adam/Pictures/vat/3500174320_02118965_20180413.jpg,2327,580,2600,649,number
/home/adam/Pictures/vat/3500174320_02118965_20180413.jpg,2525,746,2763,786,date
/home/adam/Pictures/vat/3500174320_02118965_20180413.jpg,909,1701,1956,1930,seller
/home/adam/Pictures/vat/3200171320_42776226_20180619_692959.jpg,356,132,787,196,code
/home/adam/Pictures/vat/3200171320_42776226_20180619_692959.jpg,464,373,1510,613,buyer
/home/adam/Pictures/vat/3200171320_42776226_20180619_692959.jpg,1881,123,2154,192,number
/home/adam/Pictures/vat/3200171320_42776226_20180619_692959.jpg,2082,249,2401,289,date
/home/adam/Pictures/vat/3200171320_42776226_20180619_692959.jpg,479,1256,1514,1471,seller
/home/adam/Pictures/vat/3200171320_42776226_20180619_692959.jpg,1541,1235,2182,1282,check_code
/home/adam/Pictures/vat/1100162350_12093277_20180504.jpg,772,641,1193,714,code
/home/adam/Pictures/vat/1100162350_12093277_20180504.jpg,2277,646,2562,723,number
/home/adam/Pictures/vat/1100162350_12093277_20180504.jpg,2485,796,2820,852,date
/home/adam/Pictures/vat/1100162350_12093277_20180504.jpg,1933,1796,2569,1848,check_code
/home/adam/Pictures/vat/1100162350_12093277_20180504.jpg,881,1786,1899,2019,seller
/home/adam/Pictures/vat/1100162350_12093277_20180504.jpg,891,886,1908,1127,buyer
/home/adam/Pictures/vat/4400174130_19476737_20180515.jpg,535,312,814,356,code
/home/adam/Pictures/vat/4400174130_19476737_20180515.jpg,1547,305,1788,355,number
/home/adam/Pictures/vat/4400174130_19476737_20180515.jpg,1673,400,1876,429,date
/home/adam/Pictures/vat/4400174130_19476737_20180515.jpg,622,463,1300,617,buyer
/home/adam/Pictures/vat/4400174130_19476737_20180515.jpg,621,1055,1297,1188,seller
/home/adam/Pictures/vat/3500163350_08028622_20170915.jpg,244,79,529,123,code
/home/adam/Pictures/vat/3500163350_08028622_20170915.jpg,254,198,641,227,check_code
/home/adam/Pictures/vat/3500163350_08028622_20170915.jpg,340,241,1019,398,buyer
/home/adam/Pictures/vat/3500163350_08028622_20170915.jpg,1273,68,1459,115,number
/home/adam/Pictures/vat/3500163350_08028622_20170915.jpg,1420,176,1627,210,date
/home/adam/Pictures/vat/3500163350_08028622_20170915.jpg,342,826,1015,971,seller
/home/adam/Pictures/vat/3100172320_42708654_20170920.jpg,258,74,548,123,code
/home/adam/Pictures/vat/3100172320_42708654_20170920.jpg,249,187,638,220,check_code
/home/adam/Pictures/vat/3100172320_42708654_20170920.jpg,337,238,1030,393,buyer
/home/adam/Pictures/vat/3100172320_42708654_20170920.jpg,1270,81,1451,134,number
/home/adam/Pictures/vat/3100172320_42708654_20170920.jpg,1413,178,1621,214,date
/home/adam/Pictures/vat/3100172320_42708654_20170920.jpg,334,822,1025,970,seller
/home/adam/Pictures/vat/3700164320_26498390_20170915.jpg,280,78,566,121,code
/home/adam/Pictures/vat/3700164320_26498390_20170915.jpg,352,234,1049,392,buyer
/home/adam/Pictures/vat/3700164320_26498390_20170915.jpg,1295,77,1480,121,number
/home/adam/Pictures/vat/3700164320_26498390_20170915.jpg,1433,174,1642,203,date
/home/adam/Pictures/vat/3700164320_26498390_20170915.jpg,350,826,1045,972,seller
/home/adam/Pictures/vat/3700164320_26498390_20170915.jpg,1058,827,1481,857,check_code
/home/adam/Pictures/vat/1100182130_02288784_20180427.jpg,786,535,1205,606,code
/home/adam/Pictures/vat/1100182130_02288784_20180427.jpg,2300,543,2658,621,number
/home/adam/Pictures/vat/1100182130_02288784_20180427.jpg,2518,707,2822,756,date
/home/adam/Pictures/vat/1100182130_02288784_20180427.jpg,904,1685,1912,1911,seller
/home/adam/Pictures/vat/1100182130_02288784_20180427.jpg,920,791,1928,1025,buyer
/home/adam/Pictures/vat/4100173320_03046293_20171230.jpg,376,1052,755,1106,code
/home/adam/Pictures/vat/4100173320_03046293_20171230.jpg,1755,1051,1997,1110,number
/home/adam/Pictures/vat/4100173320_03046293_20171230.jpg,1950,1188,2233,1223,date
/home/adam/Pictures/vat/4100173320_03046293_20171230.jpg,493,1272,1408,1474,buyer
/home/adam/Pictures/vat/4100173320_03046293_20171230.jpg,497,2048,1406,2236,seller
/home/adam/Pictures/vat/4100173320_03046293_20171230.jpg,1450,2042,2021,2081,check_code
/home/adam/Pictures/vat/3200172130_24135273_20170918.jpg,249,76,540,123,code
/home/adam/Pictures/vat/3200172130_24135273_20170918.jpg,336,241,1028,400,buyer
/home/adam/Pictures/vat/3200172130_24135273_20170918.jpg,1276,78,1520,130,number
/home/adam/Pictures/vat/3200172130_24135273_20170918.jpg,1417,187,1625,223,date
/home/adam/Pictures/vat/3200172130_24135273_20170918.jpg,332,829,1021,983,seller
/home/adam/Pictures/vat/3200181130_09488221_20180502.jpg,696,678,1114,743,code
/home/adam/Pictures/vat/3200181130_09488221_20180502.jpg,2212,675,2569,749,number
/home/adam/Pictures/vat/3200181130_09488221_20180502.jpg,2411,828,2723,877,date
/home/adam/Pictures/vat/3200181130_09488221_20180502.jpg,813,921,1838,1157,buyer
/home/adam/Pictures/vat/3200181130_09488221_20180502.jpg,809,1820,1833,2043,seller
/home/adam/Pictures/vat/2102173320_05123127_20180514_880498.jpg,525,380,812,427,code
/home/adam/Pictures/vat/2102173320_05123127_20180514_880498.jpg,556,479,936,524,check_code
/home/adam/Pictures/vat/2102173320_05123127_20180514_880498.jpg,1526,397,1713,446,number
/home/adam/Pictures/vat/2102173320_05123127_20180514_880498.jpg,1706,499,1910,536,date
/home/adam/Pictures/vat/2102173320_05123127_20180514_880498.jpg,621,1120,1266,1266,seller
/home/adam/Pictures/vat/2102173320_05123127_20180514_880498.jpg,638,537,1282,702,buyer
/home/adam/Pictures/vat/2102181130_00064006_20180619.jpg,369,116,793,184,code
/home/adam/Pictures/vat/2102181130_00064006_20180619.jpg,1899,118,2263,186,number
/home/adam/Pictures/vat/2102181130_00064006_20180619.jpg,2102,248,2417,289,date
/home/adam/Pictures/vat/2102181130_00064006_20180619.jpg,480,1229,1527,1444,seller
/home/adam/Pictures/vat/2102181130_00064006_20180619.jpg,484,354,1530,588,buyer
/home/adam/Pictures/vat/3400181130_11787049_20180510.jpg,405,119,823,183,code
/home/adam/Pictures/vat/3400181130_11787049_20180510.jpg,570,365,1552,592,buyer
/home/adam/Pictures/vat/3400181130_11787049_20180510.jpg,1920,107,2281,177,number
/home/adam/Pictures/vat/3400181130_11787049_20180510.jpg,2168,259,2474,307,date
/home/adam/Pictures/vat/3400181130_11787049_20180510.jpg,566,1234,1551,1445,seller
/home/adam/Pictures/vat/3100171320_12032661_20171225_399234.jpg,388,123,812,188,code
/home/adam/Pictures/vat/3100171320_12032661_20171225_399234.jpg,363,285,933,332,check_code
/home/adam/Pictures/vat/3100171320_12032661_20171225_399234.jpg,1889,120,2163,189,number
/home/adam/Pictures/vat/3100171320_12032661_20171225_399234.jpg,2093,260,2402,308,date
/home/adam/Pictures/vat/3100171320_12032661_20171225_399234.jpg,487,1240,1528,1456,seller
/home/adam/Pictures/vat/3100171320_12032661_20171225_399234.jpg,490,356,1532,594,buyer
/home/adam/Pictures/vat/3200164320_48859761_20170913.jpg,251,76,539,122,code
/home/adam/Pictures/vat/3200164320_48859761_20170913.jpg,274,194,657,227,check_code
/home/adam/Pictures/vat/3200164320_48859761_20170913.jpg,1265,69,1451,119,number
/home/adam/Pictures/vat/3200164320_48859761_20170913.jpg,1433,176,1640,212,date
/home/adam/Pictures/vat/3200164320_48859761_20170913.jpg,359,239,1018,398,buyer
/home/adam/Pictures/vat/3200164320_48859761_20170913.jpg,354,830,1014,977,seller
/home/adam/Pictures/vat/3702181130_02725519_20180510.jpg,401,119,816,180,code
/home/adam/Pictures/vat/3702181130_02725519_20180510.jpg,542,364,1547,595,buyer
/home/adam/Pictures/vat/3702181130_02725519_20180510.jpg,1924,118,2282,188,number
/home/adam/Pictures/vat/3702181130_02725519_20180510.jpg,2148,272,2449,315,date
/home/adam/Pictures/vat/3702181130_02725519_20180510.jpg,539,1242,1543,1455,seller
/home/adam/Pictures/vat/1100182130_02288779_20180427.jpg,721,568,1138,633,code
/home/adam/Pictures/vat/1100182130_02288779_20180427.jpg,2228,576,2582,653,number
/home/adam/Pictures/vat/1100182130_02288779_20180427.jpg,2448,732,2751,780,date
/home/adam/Pictures/vat/1100182130_02288779_20180427.jpg,836,1718,1850,1945,seller
/home/adam/Pictures/vat/1100182130_02288779_20180427.jpg,852,822,1858,1057,buyer
/home/adam/Pictures/vat/1100182130_05002309_20180502.jpg,723,941,1141,1013,code
/home/adam/Pictures/vat/1100182130_05002309_20180502.jpg,2234,896,2592,967,number
/home/adam/Pictures/vat/1100182130_05002309_20180502.jpg,2441,1038,2744,1084,date
/home/adam/Pictures/vat/1100182130_05002309_20180502.jpg,878,2077,1900,2309,seller
/home/adam/Pictures/vat/1100182130_05002309_20180502.jpg,848,1174,1877,1430,buyer
/home/adam/Pictures/vat/3700164320_26498391_20170915.jpg,207,81,492,125,code
/home/adam/Pictures/vat/3700164320_26498391_20170915.jpg,275,240,973,394,buyer
/home/adam/Pictures/vat/3700164320_26498391_20170915.jpg,1221,84,1404,129,number
/home/adam/Pictures/vat/3700164320_26498391_20170915.jpg,1353,180,1564,209,date
/home/adam/Pictures/vat/3700164320_26498391_20170915.jpg,981,828,1406,862,check_code
/home/adam/Pictures/vat/3700164320_26498391_20170915.jpg,272,830,969,976,seller
/home/adam/Pictures/vat/1100182130_02288771_20180427.jpg,754,615,1171,680,code
/home/adam/Pictures/vat/1100182130_02288771_20180427.jpg,2260,603,2615,677,number
/home/adam/Pictures/vat/1100182130_02288771_20180427.jpg,2480,757,2783,805,date
/home/adam/Pictures/vat/1100182130_02288771_20180427.jpg,890,1763,1901,1984,seller
/home/adam/Pictures/vat/1100182130_02288771_20180427.jpg,886,866,1895,1096,buyer
/home/adam/Pictures/vat/2102173320_04447830_20180416.jpg,795,532,1222,595,code
/home/adam/Pictures/vat/2102173320_04447830_20180416.jpg,2300,516,2574,582,number
/home/adam/Pictures/vat/2102173320_04447830_20180416.jpg,2517,649,2839,690,date
/home/adam/Pictures/vat/2102173320_04447830_20180416.jpg,936,1670,1952,1900,seller
/home/adam/Pictures/vat/2102173320_04447830_20180416.jpg,1984,1638,2626,1696,check_code
/home/adam/Pictures/vat/2102173320_04447830_20180416.jpg,916,768,1941,1009,buyer
/home/adam/Pictures/vat/3100171130_19460944_20170908.jpg,252,84,539,133,code
/home/adam/Pictures/vat/3100171130_19460944_20170908.jpg,1275,84,1520,133,number
/home/adam/Pictures/vat/3100171130_19460944_20170908.jpg,1419,174,1630,208,date
/home/adam/Pictures/vat/3100171130_19460944_20170908.jpg,338,826,1024,972,seller
/home/adam/Pictures/vat/3100171130_19460944_20170908.jpg,341,243,1028,400,buyer
/home/adam/Pictures/vat/4403172320_40339449_20180308.jpg,795,534,1217,599,code
/home/adam/Pictures/vat/4403172320_40339449_20180308.jpg,2288,514,2558,579,number
/home/adam/Pictures/vat/4403172320_40339449_20180308.jpg,2494,662,2810,699,date
/home/adam/Pictures/vat/4403172320_40339449_20180308.jpg,898,767,1931,993,buyer
/home/adam/Pictures/vat/4403172320_40339449_20180308.jpg,908,1673,1943,1888,seller
/home/adam/Pictures/vat/4403172320_40339449_20180308.jpg,1957,1660,2585,1701,check_code
/home/adam/Pictures/vat/3300164320_06195385_20170919.jpg,247,77,538,125,code
/home/adam/Pictures/vat/3300164320_06195385_20170919.jpg,236,183,625,217,check_code
/home/adam/Pictures/vat/3300164320_06195385_20170919.jpg,325,233,1019,392,buyer
/home/adam/Pictures/vat/3300164320_06195385_20170919.jpg,1263,78,1450,128,number
/home/adam/Pictures/vat/3300164320_06195385_20170919.jpg,1401,171,1608,204,date
/home/adam/Pictures/vat/3300164320_06195385_20170919.jpg,319,820,1015,968,seller
/home/adam/Pictures/vat/3100171320_13358790_20180428_292457.jpg,403,124,827,190,code
/home/adam/Pictures/vat/3100171320_13358790_20180428_292457.jpg,510,373,1540,601,buyer
/home/adam/Pictures/vat/3100171320_13358790_20180428_292457.jpg,1905,128,2178,198,number
/home/adam/Pictures/vat/3100171320_13358790_20180428_292457.jpg,2125,294,2442,339,date
/home/adam/Pictures/vat/3100171320_13358790_20180428_292457.jpg,507,1266,1538,1481,seller
/home/adam/Pictures/vat/3100171320_13358790_20180428_292457.jpg,1565,1271,2206,1319,check_code
/home/adam/Pictures/vat/1100182130_02288772_20180427.jpg,677,584,1100,648,code
/home/adam/Pictures/vat/1100182130_02288772_20180427.jpg,2188,562,2548,632,number
/home/adam/Pictures/vat/1100182130_02288772_20180427.jpg,2410,709,2718,754,date
/home/adam/Pictures/vat/1100182130_02288772_20180427.jpg,826,1726,1836,1948,seller
/home/adam/Pictures/vat/1100182130_02288772_20180427.jpg,812,822,1824,1060,buyer
/home/adam/Pictures/vat/3200164320_29923740_20180504.jpg,657,531,1082,596,code
/home/adam/Pictures/vat/3200164320_29923740_20180504.jpg,2168,538,2445,604,number
/home/adam/Pictures/vat/3200164320_29923740_20180504.jpg,2382,682,2700,722,date
/home/adam/Pictures/vat/3200164320_29923740_20180504.jpg,780,779,1799,1015,buyer
/home/adam/Pictures/vat/3200164320_29923740_20180504.jpg,773,1681,1800,1902,seller
/home/adam/Pictures/vat/3200164320_29923740_20180504.jpg,1827,1681,2464,1730,check_code
/home/adam/Pictures/vat/1200173320_03275907_20180202.jpg,815,534,1237,598,code
/home/adam/Pictures/vat/1200173320_03275907_20180202.jpg,2305,552,2569,621,number
/home/adam/Pictures/vat/1200173320_03275907_20180202.jpg,2542,688,2859,727,date
/home/adam/Pictures/vat/1200173320_03275907_20180202.jpg,930,1673,1947,1899,seller
/home/adam/Pictures/vat/1200173320_03275907_20180202.jpg,1986,1676,2623,1730,check_code
/home/adam/Pictures/vat/1200173320_03275907_20180202.jpg,934,777,1950,1019,buyer
/home/adam/Pictures/vat/3100172320_32993644_20170922.jpg,274,71,565,118,code
/home/adam/Pictures/vat/3100172320_32993644_20170922.jpg,278,190,674,222,check_code
/home/adam/Pictures/vat/3100172320_32993644_20170922.jpg,364,237,1048,394,buyer
/home/adam/Pictures/vat/3100172320_32993644_20170922.jpg,1289,72,1471,121,number
/home/adam/Pictures/vat/3100172320_32993644_20170922.jpg,1443,179,1649,212,date
/home/adam/Pictures/vat/3100172320_32993644_20170922.jpg,366,822,1041,971,seller
/home/adam/Pictures/vat/1200172320_00479420_20170918.jpg,272,74,558,119,code
/home/adam/Pictures/vat/1200172320_00479420_20170918.jpg,269,191,657,222,check_code
/home/adam/Pictures/vat/1200172320_00479420_20170918.jpg,1284,67,1469,118,number
/home/adam/Pictures/vat/1200172320_00479420_20170918.jpg,1432,174,1639,209,date
/home/adam/Pictures/vat/1200172320_00479420_20170918.jpg,354,821,1040,968,seller
/home/adam/Pictures/vat/1200172320_00479420_20170918.jpg,355,232,1044,393,buyer
/home/adam/Pictures/vat/3400181130_02499348_20180508.jpg,381,115,797,182,code
/home/adam/Pictures/vat/3400181130_02499348_20180508.jpg,1901,111,2264,185,number
/home/adam/Pictures/vat/3400181130_02499348_20180508.jpg,2121,264,2427,310,date
/home/adam/Pictures/vat/3400181130_02499348_20180508.jpg,518,362,1525,598,buyer
/home/adam/Pictures/vat/3400181130_02499348_20180508.jpg,513,1242,1523,1458,seller
/home/adam/Pictures/vat/3200181130_18313738_20180516.jpg,409,119,828,185,code
/home/adam/Pictures/vat/3200181130_18313738_20180516.jpg,1925,115,2294,184,number
/home/adam/Pictures/vat/3200181130_18313738_20180516.jpg,2138,249,2445,297,date
/home/adam/Pictures/vat/3200181130_18313738_20180516.jpg,540,359,1550,588,buyer
/home/adam/Pictures/vat/3200181130_18313738_20180516.jpg,541,1234,1549,1450,seller
/home/adam/Pictures/vat/5300173130_03655596_20180504.jpg,696,559,1114,620,code
/home/adam/Pictures/vat/5300173130_03655596_20180504.jpg,2220,570,2581,637,number
/home/adam/Pictures/vat/5300173130_03655596_20180504.jpg,2455,723,2769,763,date
/home/adam/Pictures/vat/5300173130_03655596_20180504.jpg,853,801,1840,1038,buyer
/home/adam/Pictures/vat/5300173130_03655596_20180504.jpg,845,1699,1835,1926,seller
/home/adam/Pictures/vat/3702181130_02725523_20180510.jpg,377,117,793,177,code
/home/adam/Pictures/vat/3702181130_02725523_20180510.jpg,1899,114,2256,184,number
/home/adam/Pictures/vat/3702181130_02725523_20180510.jpg,2123,266,2425,310,date
/home/adam/Pictures/vat/3702181130_02725523_20180510.jpg,513,1242,1516,1455,seller
/home/adam/Pictures/vat/3702181130_02725523_20180510.jpg,520,366,1519,596,buyer
/home/adam/Pictures/vat/4100174320_01281503_20171230.jpg,373,1062,751,1121,code
/home/adam/Pictures/vat/4100174320_01281503_20171230.jpg,1747,1051,1989,1109,number
/home/adam/Pictures/vat/4100174320_01281503_20171230.jpg,1937,1170,2226,1204,date
/home/adam/Pictures/vat/4100174320_01281503_20171230.jpg,483,1265,1405,1468,buyer
/home/adam/Pictures/vat/4100174320_01281503_20171230.jpg,485,2047,1408,2239,seller
/home/adam/Pictures/vat/4100174320_01281503_20171230.jpg,1441,2039,2016,2074,check_code
/home/adam/Pictures/vat/3300164320_06195383_20170919.jpg,258,80,555,126,code
/home/adam/Pictures/vat/3300164320_06195383_20170919.jpg,249,185,637,221,check_code
/home/adam/Pictures/vat/3300164320_06195383_20170919.jpg,337,235,1034,391,buyer
/home/adam/Pictures/vat/3300164320_06195383_20170919.jpg,335,819,1031,964,seller
/home/adam/Pictures/vat/3300164320_06195383_20170919.jpg,1413,168,1620,206,date
/home/adam/Pictures/vat/3300164320_06195383_20170919.jpg,1276,77,1462,127,number
/home/adam/Pictures/vat/1100182130_02288776_20180427.jpg,853,636,1278,700,code
/home/adam/Pictures/vat/1100182130_02288776_20180427.jpg,2365,630,2724,704,number
/home/adam/Pictures/vat/1100182130_02288776_20180427.jpg,2588,787,2891,833,date
/home/adam/Pictures/vat/1100182130_02288776_20180427.jpg,985,1778,1992,2002,seller
/home/adam/Pictures/vat/1100182130_02288776_20180427.jpg,991,882,1996,1116,buyer
/home/adam/Pictures/vat/1100174320_47770433_20180503.jpg,673,527,1102,600,code
/home/adam/Pictures/vat/1100174320_47770433_20180503.jpg,2169,527,2453,604,number
/home/adam/Pictures/vat/1100174320_47770433_20180503.jpg,2386,665,2709,714,date
/home/adam/Pictures/vat/1100174320_47770433_20180503.jpg,1828,1669,2481,1715,check_code
/home/adam/Pictures/vat/1100174320_47770433_20180503.jpg,774,1663,1818,1896,seller
/home/adam/Pictures/vat/1100174320_47770433_20180503.jpg,784,769,1813,1004,buyer
/home/adam/Pictures/vat/2102181130_00064009_20180619.jpg,374,108,797,174,code
/home/adam/Pictures/vat/2102181130_00064009_20180619.jpg,1904,104,2262,174,number
/home/adam/Pictures/vat/2102181130_00064009_20180619.jpg,2101,246,2420,289,date
/home/adam/Pictures/vat/2102181130_00064009_20180619.jpg,480,1227,1526,1444,seller
/home/adam/Pictures/vat/2102181130_00064009_20180619.jpg,483,350,1529,583,buyer
/home/adam/Pictures/vat/1100181130_06755725_20180201.jpg,751,666,1174,733,code
/home/adam/Pictures/vat/1100181130_06755725_20180201.jpg,2270,647,2634,722,number
/home/adam/Pictures/vat/1100181130_06755725_20180201.jpg,2472,804,2789,846,date
/home/adam/Pictures/vat/1100181130_06755725_20180201.jpg,873,1812,1907,2036,seller
/home/adam/Pictures/vat/1100181130_06755725_20180201.jpg,868,911,1896,1145,buyer
/home/adam/Pictures/vat/1100182130_02288778_20180427.jpg,880,696,1300,764,code
/home/adam/Pictures/vat/1100182130_02288778_20180427.jpg,2393,678,2753,750,number
/home/adam/Pictures/vat/1100182130_02288778_20180427.jpg,2619,825,2923,875,date
/home/adam/Pictures/vat/1100182130_02288778_20180427.jpg,1029,1838,2038,2059,seller
/home/adam/Pictures/vat/1100182130_02288778_20180427.jpg,1021,936,2030,1172,buyer
/home/adam/Pictures/vat/2200174320_03260553_20180414.jpg,806,510,1229,582,code
/home/adam/Pictures/vat/2200174320_03260553_20180414.jpg,2304,529,2577,598,number
/home/adam/Pictures/vat/2200174320_03260553_20180414.jpg,2532,676,2849,720,date
/home/adam/Pictures/vat/2200174320_03260553_20180414.jpg,924,1653,1931,1873,seller
/home/adam/Pictures/vat/2200174320_03260553_20180414.jpg,1977,1663,2605,1713,check_code
/home/adam/Pictures/vat/2200174320_03260553_20180414.jpg,934,759,1944,1001,buyer
/home/adam/Pictures/vat/1500173130_06473912_20180615.jpg,333,117,751,185,code
/home/adam/Pictures/vat/1500173130_06473912_20180615.jpg,1936,125,2293,202,number
/home/adam/Pictures/vat/1500173130_06473912_20180615.jpg,2123,272,2427,319,date
/home/adam/Pictures/vat/1500173130_06473912_20180615.jpg,501,1241,1512,1468,seller
/home/adam/Pictures/vat/1500173130_06473912_20180615.jpg,510,361,1520,594,buyer
/home/adam/Pictures/vat/3702164320_07177961_20170923.jpg,260,86,545,131,code
/home/adam/Pictures/vat/3702164320_07177961_20170923.jpg,274,182,659,212,check_code
/home/adam/Pictures/vat/3702164320_07177961_20170923.jpg,362,237,1027,395,buyer
/home/adam/Pictures/vat/3702164320_07177961_20170923.jpg,1275,81,1451,124,number
/home/adam/Pictures/vat/3702164320_07177961_20170923.jpg,1441,163,1643,195,date
/home/adam/Pictures/vat/3702164320_07177961_20170923.jpg,363,824,1024,966,seller
/home/adam/Pictures/vat/4100174320_25447666_20171219.jpg,472,1066,839,1127,code
/home/adam/Pictures/vat/4100174320_25447666_20171219.jpg,1794,1072,2034,1128,number
/home/adam/Pictures/vat/4100174320_25447666_20171219.jpg,1970,1193,2252,1225,date
/home/adam/Pictures/vat/4100174320_25447666_20171219.jpg,584,1269,1464,1460,buyer
/home/adam/Pictures/vat/4100174320_25447666_20171219.jpg,592,1997,1475,2172,seller
/home/adam/Pictures/vat/4100174320_25447666_20171219.jpg,1508,2002,2060,2041,check_code
/home/adam/Pictures/vat/3100171320_80342828_20170831.jpg,246,76,535,119,code
/home/adam/Pictures/vat/3100171320_80342828_20170831.jpg,259,192,648,221,check_code
/home/adam/Pictures/vat/3100171320_80342828_20170831.jpg,343,234,1017,391,buyer
/home/adam/Pictures/vat/3100171320_80342828_20170831.jpg,1251,76,1432,122,number
/home/adam/Pictures/vat/3100171320_80342828_20170831.jpg,1422,172,1631,207,date
/home/adam/Pictures/vat/3100171320_80342828_20170831.jpg,346,822,1019,968,seller
/home/adam/Pictures/vat/3400181130_11787051_20180510.jpg,406,117,826,181,code
/home/adam/Pictures/vat/3400181130_11787051_20180510.jpg,1929,113,2291,186,number
/home/adam/Pictures/vat/3400181130_11787051_20180510.jpg,2173,262,2479,308,date
/home/adam/Pictures/vat/3400181130_11787051_20180510.jpg,573,368,1557,596,buyer
/home/adam/Pictures/vat/3400181130_11787051_20180510.jpg,572,1235,1554,1447,seller
/home/adam/Pictures/vat/3100174130_21284144_20180502.jpg,676,568,1092,640,code
/home/adam/Pictures/vat/3100174130_21284144_20180502.jpg,2186,578,2544,657,number
/home/adam/Pictures/vat/3100174130_21284144_20180502.jpg,2376,753,2679,800,date
/home/adam/Pictures/vat/3100174130_21284144_20180502.jpg,767,1728,1797,1963,seller
/home/adam/Pictures/vat/3100174130_21284144_20180502.jpg,773,831,1812,1071,buyer
/home/adam/Pictures/vat/1100162350_12093279_20180504.jpg,831,585,1262,674,code
/home/adam/Pictures/vat/1100162350_12093279_20180504.jpg,2348,559,2635,646,number
/home/adam/Pictures/vat/1100162350_12093279_20180504.jpg,2559,708,2892,771,date
/home/adam/Pictures/vat/1100162350_12093279_20180504.jpg,2012,1724,2662,1773,check_code
/home/adam/Pictures/vat/1100162350_12093279_20180504.jpg,969,1734,1988,1964,seller
/home/adam/Pictures/vat/1100162350_12093279_20180504.jpg,962,837,1978,1072,buyer
/home/adam/Pictures/vat/4100174320_25130780_20171218.jpg,479,1058,872,1121,code
/home/adam/Pictures/vat/4100174320_25130780_20171218.jpg,1877,1083,2124,1141,number
/home/adam/Pictures/vat/4100174320_25130780_20171218.jpg,2038,1185,2323,1220,date
/home/adam/Pictures/vat/4100174320_25130780_20171218.jpg,571,1292,1534,1486,buyer
/home/adam/Pictures/vat/4100174320_25130780_20171218.jpg,604,2055,1544,2246,seller
/home/adam/Pictures/vat/4100174320_25130780_20171218.jpg,1569,2039,2143,2079,check_code
/home/adam/Pictures/vat/4100173320_03046292_20171230.jpg,365,1042,742,1105,code
/home/adam/Pictures/vat/4100173320_03046292_20171230.jpg,1744,1027,1989,1084,number
/home/adam/Pictures/vat/4100173320_03046292_20171230.jpg,1941,1150,2230,1185,date
/home/adam/Pictures/vat/4100173320_03046292_20171230.jpg,482,1251,1399,1450,buyer
/home/adam/Pictures/vat/4100173320_03046292_20171230.jpg,481,2033,1404,2221,seller
/home/adam/Pictures/vat/4100173320_03046292_20171230.jpg,1438,2022,2017,2058,check_code
/home/adam/Pictures/vat/1100182130_02288782_20180427.jpg,830,519,1247,588,code
/home/adam/Pictures/vat/1100182130_02288782_20180427.jpg,2342,521,2699,598,number
/home/adam/Pictures/vat/1100182130_02288782_20180427.jpg,2561,675,2863,726,date
/home/adam/Pictures/vat/1100182130_02288782_20180427.jpg,958,1665,1967,1890,seller
/home/adam/Pictures/vat/1100182130_02288782_20180427.jpg,964,772,1969,1003,buyer
/home/adam/Pictures/vat/1100174320_47770430_20180503.jpg,663,550,1098,633,code
/home/adam/Pictures/vat/1100174320_47770430_20180503.jpg,2160,540,2448,621,number
/home/adam/Pictures/vat/1100174320_47770430_20180503.jpg,2377,685,2702,745,date
/home/adam/Pictures/vat/1100174320_47770430_20180503.jpg,1831,1694,2469,1744,check_code
/home/adam/Pictures/vat/1100174320_47770430_20180503.jpg,773,1694,1811,1924,seller
/home/adam/Pictures/vat/1100174320_47770430_20180503.jpg,778,798,1808,1030,buyer
/home/adam/Pictures/vat/1100162350_12093275_20180427.jpg,839,597,1266,669,code
/home/adam/Pictures/vat/1100162350_12093275_20180427.jpg,2360,600,2636,679,number
/home/adam/Pictures/vat/1100162350_12093275_20180427.jpg,2568,749,2892,796,date
/home/adam/Pictures/vat/1100162350_12093275_20180427.jpg,2009,1749,2650,1795,check_code
/home/adam/Pictures/vat/1100162350_12093275_20180427.jpg,962,1739,1973,1969,seller
/home/adam/Pictures/vat/1100162350_12093275_20180427.jpg,968,842,1979,1080,buyer
/home/adam/Pictures/vat/5300171320_38237248_20180504.jpg,670,539,1086,600,code
/home/adam/Pictures/vat/5300171320_38237248_20180504.jpg,2172,539,2443,606,number
/home/adam/Pictures/vat/5300171320_38237248_20180504.jpg,2438,669,2753,706,date
/home/adam/Pictures/vat/5300171320_38237248_20180504.jpg,837,779,1801,1006,buyer
/home/adam/Pictures/vat/5300171320_38237248_20180504.jpg,843,1676,1801,1889,seller
/home/adam/Pictures/vat/5300171320_38237248_20180504.jpg,1896,1667,2525,1704,check_code
/home/adam/Pictures/vat/1100181130_06915034_20180411.jpg,683,515,1105,582,code
/home/adam/Pictures/vat/1100181130_06915034_20180411.jpg,2189,503,2547,579,number
/home/adam/Pictures/vat/1100181130_06915034_20180411.jpg,2418,666,2725,711,date
/home/adam/Pictures/vat/1100181130_06915034_20180411.jpg,814,1664,1830,1886,seller
/home/adam/Pictures/vat/1100181130_06915034_20180411.jpg,822,758,1829,996,buyer
/home/adam/Pictures/vat/3700164320_13536961_20170919.jpg,239,79,528,121,code
/home/adam/Pictures/vat/3700164320_13536961_20170919.jpg,246,196,632,222,check_code
/home/adam/Pictures/vat/3700164320_13536961_20170919.jpg,331,239,1009,395,buyer
/home/adam/Pictures/vat/3700164320_13536961_20170919.jpg,1411,175,1615,207,date
/home/adam/Pictures/vat/3700164320_13536961_20170919.jpg,1261,77,1443,125,number
/home/adam/Pictures/vat/3700164320_13536961_20170919.jpg,332,827,1007,971,seller
/home/adam/Pictures/vat/1100182130_05002313_20180502.jpg,777,941,1194,1009,code
/home/adam/Pictures/vat/1100182130_05002313_20180502.jpg,2290,904,2649,976,number
/home/adam/Pictures/vat/1100182130_05002313_20180502.jpg,2496,1052,2800,1102,date
/home/adam/Pictures/vat/1100182130_05002313_20180502.jpg,924,2083,1943,2310,seller
/home/adam/Pictures/vat/1100182130_05002313_20180502.jpg,906,1178,1929,1429,buyer
/home/adam/Pictures/vat/3100174130_20821806_20180408.jpg,660,536,1076,599,code
/home/adam/Pictures/vat/3100174130_20821806_20180408.jpg,2182,532,2538,606,number
/home/adam/Pictures/vat/3100174130_20821806_20180408.jpg,2359,706,2663,753,date
/home/adam/Pictures/vat/3100174130_20821806_20180408.jpg,764,774,1810,1019,buyer
/home/adam/Pictures/vat/3100174130_20821806_20180408.jpg,757,1677,1804,1913,seller
/home/adam/Pictures/vat/1100171130_10983148_20180502.jpg,699,938,1140,1026,code
/home/adam/Pictures/vat/1100171130_10983148_20180502.jpg,2208,901,2571,987,number
/home/adam/Pictures/vat/1100171130_10983148_20180502.jpg,2404,1044,2721,1102,date
/home/adam/Pictures/vat/1100171130_10983148_20180502.jpg,835,2086,1883,2316,seller
/home/adam/Pictures/vat/1100171130_10983148_20180502.jpg,815,1176,1861,1424,buyer
/home/adam/Pictures/vat/4403162320_57569458_20171208_610657.jpg,404,114,822,172,code
/home/adam/Pictures/vat/4403162320_57569458_20171208_610657.jpg,405,287,972,328,check_code
/home/adam/Pictures/vat/4403162320_57569458_20171208_610657.jpg,536,362,1547,586,buyer
/home/adam/Pictures/vat/4403162320_57569458_20171208_610657.jpg,1928,107,2201,171,number
/home/adam/Pictures/vat/4403162320_57569458_20171208_610657.jpg,2137,263,2439,309,date
/home/adam/Pictures/vat/4403162320_57569458_20171208_610657.jpg,527,1241,1542,1454,seller
/home/adam/Pictures/vat/3702181130_02725517_20180510.jpg,404,119,818,181,code
/home/adam/Pictures/vat/3702181130_02725517_20180510.jpg,551,363,1549,595,buyer
/home/adam/Pictures/vat/3702181130_02725517_20180510.jpg,1921,111,2278,177,number
/home/adam/Pictures/vat/3702181130_02725517_20180510.jpg,2155,267,2455,310,date
/home/adam/Pictures/vat/3702181130_02725517_20180510.jpg,549,1245,1548,1459,seller
/home/adam/Pictures/vat/6100173320_12435967_20180423.jpg,807,958,1229,1025,code
/home/adam/Pictures/vat/6100173320_12435967_20180423.jpg,818,1073,1383,1115,check_code
/home/adam/Pictures/vat/6100173320_12435967_20180423.jpg,2314,960,2586,1025,number
/home/adam/Pictures/vat/6100173320_12435967_20180423.jpg,2542,1029,2847,1070,date
/home/adam/Pictures/vat/6100173320_12435967_20180423.jpg,949,1149,1945,1439,buyer
/home/adam/Pictures/vat/6100173320_12435967_20180423.jpg,952,2047,1941,2297,seller
/home/adam/Pictures/vat/1100174130_09958177_20180208.jpg,654,545,1078,626,code
/home/adam/Pictures/vat/1100174130_09958177_20180208.jpg,2168,540,2529,628,number
/home/adam/Pictures/vat/1100174130_09958177_20180208.jpg,2393,701,2701,764,date
/home/adam/Pictures/vat/1100174130_09958177_20180208.jpg,786,1694,1798,1927,seller
/home/adam/Pictures/vat/1100174130_09958177_20180208.jpg,798,800,1800,1035,buyer
/home/adam/Pictures/vat/3700162350_24687161_20170922.jpg,269,78,556,122,code
/home/adam/Pictures/vat/3700162350_24687161_20170922.jpg,256,178,641,211,check_code
/home/adam/Pictures/vat/3700162350_24687161_20170922.jpg,338,230,1037,385,buyer
/home/adam/Pictures/vat/3700162350_24687161_20170922.jpg,1299,68,1486,117,number
/home/adam/Pictures/vat/3700162350_24687161_20170922.jpg,1418,167,1628,199,date
/home/adam/Pictures/vat/3700162350_24687161_20170922.jpg,336,814,1032,960,seller
/home/adam/Pictures/vat/4100162350_09456648_20170908.jpg,251,78,535,120,code
/home/adam/Pictures/vat/4100162350_09456648_20170908.jpg,327,242,1019,396,buyer
/home/adam/Pictures/vat/4100162350_09456648_20170908.jpg,1275,82,1456,127,number
/home/adam/Pictures/vat/4100162350_09456648_20170908.jpg,1408,181,1620,211,date
/home/adam/Pictures/vat/4100162350_09456648_20170908.jpg,323,829,1018,975,seller
/home/adam/Pictures/vat/4100162350_09456648_20170908.jpg,1033,830,1458,859,check_code
/home/adam/Pictures/vat/3400181130_02579939_20180514.jpg,402,116,822,182,code
/home/adam/Pictures/vat/3400181130_02579939_20180514.jpg,1930,108,2290,177,number
/home/adam/Pictures/vat/3400181130_02579939_20180514.jpg,2153,247,2462,293,date
/home/adam/Pictures/vat/3400181130_02579939_20180514.jpg,555,355,1552,589,buyer
/home/adam/Pictures/vat/3400181130_02579939_20180514.jpg,552,1251,1555,1473,seller
/home/adam/Pictures/vat/4403162320_57564978_20171130_614187.jpg,370,113,787,173,code
/home/adam/Pictures/vat/4403162320_57564978_20171130_614187.jpg,373,284,939,325,check_code
/home/adam/Pictures/vat/4403162320_57564978_20171130_614187.jpg,1897,115,2167,178,number
/home/adam/Pictures/vat/4403162320_57564978_20171130_614187.jpg,2103,258,2404,297,date
/home/adam/Pictures/vat/4403162320_57564978_20171130_614187.jpg,508,362,1513,588,buyer
/home/adam/Pictures/vat/4403162320_57564978_20171130_614187.jpg,498,1243,1507,1455,seller
/home/adam/Pictures/vat/2102173320_05122937_20180428_616908.jpg,614,362,902,409,code
/home/adam/Pictures/vat/2102173320_05122937_20180428_616908.jpg,602,463,987,501,check_code
/home/adam/Pictures/vat/2102173320_05122937_20180428_616908.jpg,1617,371,1803,421,number
/home/adam/Pictures/vat/2102173320_05122937_20180428_616908.jpg,1751,466,1957,503,date
/home/adam/Pictures/vat/2102173320_05122937_20180428_616908.jpg,675,1103,1366,1251,seller
/home/adam/Pictures/vat/2102173320_05122937_20180428_616908.jpg,684,518,1375,677,buyer
/home/adam/Pictures/vat/3200172350_02332793_20180619_039969.jpg,364,126,794,187,code
/home/adam/Pictures/vat/3200172350_02332793_20180619_039969.jpg,390,300,968,345,check_code
/home/adam/Pictures/vat/3200172350_02332793_20180619_039969.jpg,523,366,1519,608,buyer
/home/adam/Pictures/vat/3200172350_02332793_20180619_039969.jpg,1883,120,2162,188,number
/home/adam/Pictures/vat/3200172350_02332793_20180619_039969.jpg,2133,273,2437,321,date
/home/adam/Pictures/vat/3200172350_02332793_20180619_039969.jpg,520,1254,1517,1473,seller
/home/adam/Pictures/vat/2200173320_03242717_20180413.jpg,813,521,1239,591,code
/home/adam/Pictures/vat/2200173320_03242717_20180413.jpg,804,691,1371,741,check_code
/home/adam/Pictures/vat/2200173320_03242717_20180413.jpg,2319,524,2594,589,number
/home/adam/Pictures/vat/2200173320_03242717_20180413.jpg,2531,678,2834,724,date
/home/adam/Pictures/vat/2200173320_03242717_20180413.jpg,926,1666,1945,1890,seller
/home/adam/Pictures/vat/2200173320_03242717_20180413.jpg,933,772,1952,1004,buyer
/home/adam/Pictures/vat/3400181130_02579941_20180514.jpg,393,123,813,188,code
/home/adam/Pictures/vat/3400181130_02579941_20180514.jpg,1921,109,2279,178,number
/home/adam/Pictures/vat/3400181130_02579941_20180514.jpg,2146,251,2449,299,date
/home/adam/Pictures/vat/3400181130_02579941_20180514.jpg,550,363,1544,599,buyer
/home/adam/Pictures/vat/3400181130_02579941_20180514.jpg,550,1262,1546,1480,seller
/home/adam/Pictures/vat/1100162350_12093276_20180504.jpg,785,627,1210,702,code
/home/adam/Pictures/vat/1100162350_12093276_20180504.jpg,2304,580,2586,654,number
/home/adam/Pictures/vat/1100162350_12093276_20180504.jpg,2517,730,2845,780,date
/home/adam/Pictures/vat/1100162350_12093276_20180504.jpg,1990,1744,2625,1795,check_code
/home/adam/Pictures/vat/1100162350_12093276_20180504.jpg,941,1769,1952,1997,seller
/home/adam/Pictures/vat/1100162350_12093276_20180504.jpg,918,864,1933,1110,buyer
/home/adam/Pictures/vat/3200181130_17040092_20180519.jpg,423,121,838,182,code
/home/adam/Pictures/vat/3200181130_17040092_20180519.jpg,1937,106,2299,182,number
/home/adam/Pictures/vat/3200181130_17040092_20180519.jpg,2215,254,2519,304,date
/home/adam/Pictures/vat/3200181130_17040092_20180519.jpg,615,360,1560,595,buyer
/home/adam/Pictures/vat/3200181130_17040092_20180519.jpg,610,1233,1557,1449,seller
/home/adam/Pictures/vat/3400181130_02579942_20180514.jpg,406,117,825,181,code
/home/adam/Pictures/vat/3400181130_02579942_20180514.jpg,1930,113,2290,181,number
/home/adam/Pictures/vat/3400181130_02579942_20180514.jpg,2154,245,2458,291,date
/home/adam/Pictures/vat/3400181130_02579942_20180514.jpg,558,354,1555,591,buyer
/home/adam/Pictures/vat/3400181130_02579942_20180514.jpg,554,1249,1551,1470,seller
/home/adam/Pictures/vat/3100174130_25116830_20180517.jpg,380,124,799,189,code
/home/adam/Pictures/vat/3100174130_25116830_20180517.jpg,499,367,1529,607,buyer
/home/adam/Pictures/vat/3100174130_25116830_20180517.jpg,1903,112,2265,187,number
/home/adam/Pictures/vat/3100174130_25116830_20180517.jpg,2102,277,2410,327,date
/home/adam/Pictures/vat/3100174130_25116830_20180517.jpg,496,1243,1526,1462,seller
/home/adam/Pictures/vat/3300181130_04754477_20180613.jpg,341,81,628,126,code
/home/adam/Pictures/vat/3300181130_04754477_20180613.jpg,1357,77,1598,127,number
/home/adam/Pictures/vat/3300181130_04754477_20180613.jpg,1500,180,1709,213,date
/home/adam/Pictures/vat/3300181130_04754477_20180613.jpg,435,243,1110,402,buyer
/home/adam/Pictures/vat/3300181130_04754477_20180613.jpg,437,835,1110,983,seller
/home/adam/Pictures/vat/3100174130_41208575_20180424.jpg,901,558,1318,619,code
/home/adam/Pictures/vat/3100174130_41208575_20180424.jpg,2423,540,2778,611,number
/home/adam/Pictures/vat/3100174130_41208575_20180424.jpg,2637,695,2941,741,date
/home/adam/Pictures/vat/3100174130_41208575_20180424.jpg,1045,801,2050,1035,buyer
/home/adam/Pictures/vat/3100174130_41208575_20180424.jpg,1048,1703,2054,1925,seller
/home/adam/Pictures/vat/1100182130_02288777_20180427.jpg,839,681,1256,745,code
/home/adam/Pictures/vat/1100182130_02288777_20180427.jpg,2350,670,2703,746,number
/home/adam/Pictures/vat/1100182130_02288777_20180427.jpg,2566,833,2872,879,date
/home/adam/Pictures/vat/1100182130_02288777_20180427.jpg,968,1826,1975,2052,seller
/home/adam/Pictures/vat/1100182130_02288777_20180427.jpg,972,931,1978,1166,buyer
/home/adam/Pictures/vat/3700171320_26419011_20170918.jpg,276,73,562,118,code
/home/adam/Pictures/vat/3700171320_26419011_20170918.jpg,283,195,666,223,check_code
/home/adam/Pictures/vat/3700171320_26419011_20170918.jpg,370,237,1045,394,buyer
/home/adam/Pictures/vat/3700171320_26419011_20170918.jpg,1293,72,1474,117,number
/home/adam/Pictures/vat/3700171320_26419011_20170918.jpg,1445,179,1650,210,date
/home/adam/Pictures/vat/3700171320_26419011_20170918.jpg,367,826,1043,974,seller
/home/adam/Pictures/vat/4403162320_57569374_20171125_074666.jpg,403,113,821,175,code
/home/adam/Pictures/vat/4403162320_57569374_20171125_074666.jpg,408,284,976,326,check_code
/home/adam/Pictures/vat/4403162320_57569374_20171125_074666.jpg,1929,109,2199,172,number
/home/adam/Pictures/vat/4403162320_57569374_20171125_074666.jpg,2139,264,2440,304,date
/home/adam/Pictures/vat/4403162320_57569374_20171125_074666.jpg,537,361,1549,584,buyer
/home/adam/Pictures/vat/4403162320_57569374_20171125_074666.jpg,531,1240,1543,1454,seller
/home/adam/Pictures/vat/4403172320_26994387_20180407.jpg,840,494,1261,563,code
/home/adam/Pictures/vat/4403172320_26994387_20180407.jpg,821,668,1386,723,check_code
/home/adam/Pictures/vat/4403172320_26994387_20180407.jpg,2334,513,2608,579,number
/home/adam/Pictures/vat/4403172320_26994387_20180407.jpg,2544,699,2842,746,date
/home/adam/Pictures/vat/4403172320_26994387_20180407.jpg,946,747,1971,980,buyer
/home/adam/Pictures/vat/4403172320_26994387_20180407.jpg,916,1642,1956,1863,seller
/home/adam/Pictures/vat/4403172320_39059266_20180306.jpg,864,568,1282,635,code
/home/adam/Pictures/vat/4403172320_39059266_20180306.jpg,2353,585,2622,652,number
/home/adam/Pictures/vat/4403172320_39059266_20180306.jpg,2587,716,2897,755,date
/home/adam/Pictures/vat/4403172320_39059266_20180306.jpg,986,804,1995,1046,buyer
/home/adam/Pictures/vat/4403172320_39059266_20180306.jpg,982,1705,1985,1923,seller
/home/adam/Pictures/vat/4403172320_39059266_20180306.jpg,2030,1711,2655,1755,check_code
/home/adam/Pictures/vat/4400174130_12990104_20180515.jpg,400,124,817,186,code
/home/adam/Pictures/vat/4400174130_12990104_20180515.jpg,1916,104,2278,177,number
/home/adam/Pictures/vat/4400174130_12990104_20180515.jpg,2130,257,2444,297,date
/home/adam/Pictures/vat/4400174130_12990104_20180515.jpg,522,365,1545,588,buyer
/home/adam/Pictures/vat/4400174130_12990104_20180515.jpg,516,1239,1544,1450,seller
/home/adam/Pictures/vat/1100174320_80924918_20180615_850971.jpg,382,128,806,191,code
/home/adam/Pictures/vat/1100174320_80924918_20180615_850971.jpg,430,283,1005,335,check_code
/home/adam/Pictures/vat/1100174320_80924918_20180615_850971.jpg,1891,129,2171,198,number
/home/adam/Pictures/vat/1100174320_80924918_20180615_850971.jpg,2174,266,2484,314,date
/home/adam/Pictures/vat/1100174320_80924918_20180615_850971.jpg,551,1239,1524,1457,seller
/home/adam/Pictures/vat/1100174320_80924918_20180615_850971.jpg,563,367,1526,598,buyer
/home/adam/Pictures/vat/3700162320_29000934_20170920.jpg,247,77,534,120,code
/home/adam/Pictures/vat/3700162320_29000934_20170920.jpg,242,196,626,224,check_code
/home/adam/Pictures/vat/3700162320_29000934_20170920.jpg,328,238,1019,400,buyer
/home/adam/Pictures/vat/3700162320_29000934_20170920.jpg,1273,65,1455,114,number
/home/adam/Pictures/vat/3700162320_29000934_20170920.jpg,1407,178,1613,213,date
/home/adam/Pictures/vat/3700162320_29000934_20170920.jpg,327,827,1018,973,seller
/home/adam/Pictures/vat/1100182130_02288768_20180427.jpg,900,504,1324,579,code
/home/adam/Pictures/vat/1100182130_02288768_20180427.jpg,2417,526,2773,604,number
/home/adam/Pictures/vat/1100182130_02288768_20180427.jpg,2632,682,2939,735,date
/home/adam/Pictures/vat/1100182130_02288768_20180427.jpg,1017,1654,2022,1886,seller
/home/adam/Pictures/vat/1100182130_02288768_20180427.jpg,1036,756,2040,1001,buyer
/home/adam/Pictures/vat/5300162350_10634034_20171123.jpg,1186,212,1578,278,code
/home/adam/Pictures/vat/5300162350_10634034_20171123.jpg,2571,162,2828,226,number
/home/adam/Pictures/vat/5300162350_10634034_20171123.jpg,2759,297,3061,340,date
/home/adam/Pictures/vat/3200182130_00996823_20180515.jpg,406,124,825,191,code
/home/adam/Pictures/vat/3200182130_00996823_20180515.jpg,1924,113,2286,186,number
/home/adam/Pictures/vat/3200182130_00996823_20180515.jpg,2134,258,2439,304,date
/home/adam/Pictures/vat/3200182130_00996823_20180515.jpg,534,367,1559,598,buyer
/home/adam/Pictures/vat/3200182130_00996823_20180515.jpg,534,1245,1558,1462,seller
/home/adam/Pictures/vat/2102181130_00064011_20180619.jpg,408,118,833,183,code
/home/adam/Pictures/vat/2102181130_00064011_20180619.jpg,1933,101,2298,173,number
/home/adam/Pictures/vat/2102181130_00064011_20180619.jpg,2137,244,2454,285,date
/home/adam/Pictures/vat/2102181130_00064011_20180619.jpg,520,1232,1567,1446,seller
/home/adam/Pictures/vat/2102181130_00064011_20180619.jpg,516,354,1567,587,buyer
/home/adam/Pictures/vat/3700164320_13536962_20170919.jpg,270,152,555,196,code
/home/adam/Pictures/vat/3700164320_13536962_20170919.jpg,276,269,660,299,check_code
/home/adam/Pictures/vat/3700164320_13536962_20170919.jpg,361,313,1037,470,buyer
/home/adam/Pictures/vat/3700164320_13536962_20170919.jpg,1284,140,1470,193,number
/home/adam/Pictures/vat/3700164320_13536962_20170919.jpg,1437,251,1645,283,date
/home/adam/Pictures/vat/3700164320_13536962_20170919.jpg,362,901,1036,1045,seller
/home/adam/Pictures/vat/1300171320_12675925_20170922.jpg,281,76,568,122,code
/home/adam/Pictures/vat/1300171320_12675925_20170922.jpg,279,189,667,222,check_code
/home/adam/Pictures/vat/1300171320_12675925_20170922.jpg,1296,73,1483,122,number
/home/adam/Pictures/vat/1300171320_12675925_20170922.jpg,1446,175,1653,209,date
/home/adam/Pictures/vat/1300171320_12675925_20170922.jpg,364,824,1049,971,seller
/home/adam/Pictures/vat/1300171320_12675925_20170922.jpg,364,235,1052,394,buyer
/home/adam/Pictures/vat/3702163130_11625738_20170920.jpg,268,76,550,121,code
/home/adam/Pictures/vat/3702163130_11625738_20170920.jpg,351,229,1038,383,buyer
/home/adam/Pictures/vat/3702163130_11625738_20170920.jpg,1293,70,1534,115,number
/home/adam/Pictures/vat/3702163130_11625738_20170920.jpg,1429,154,1632,184,date
/home/adam/Pictures/vat/3702163130_11625738_20170920.jpg,353,814,1039,957,seller
/home/adam/Pictures/vat/1100182130_02288781_20180427.jpg,766,554,1186,621,code
/home/adam/Pictures/vat/1100182130_02288781_20180427.jpg,2278,538,2634,613,number
/home/adam/Pictures/vat/1100182130_02288781_20180427.jpg,2495,691,2800,739,date
/home/adam/Pictures/vat/1100182130_02288781_20180427.jpg,906,1704,1918,1924,seller
/home/adam/Pictures/vat/1100182130_02288781_20180427.jpg,905,799,1910,1036,buyer
/home/adam/Pictures/vat/3700162350_24687164_20170922.jpg,276,76,562,121,code
/home/adam/Pictures/vat/3700162350_24687164_20170922.jpg,266,174,651,208,check_code
/home/adam/Pictures/vat/3700162350_24687164_20170922.jpg,352,226,1046,383,buyer
/home/adam/Pictures/vat/3700162350_24687164_20170922.jpg,1303,69,1489,116,number
/home/adam/Pictures/vat/3700162350_24687164_20170922.jpg,1432,162,1636,196,date
/home/adam/Pictures/vat/3700162350_24687164_20170922.jpg,346,811,1041,960,seller
/home/adam/Pictures/vat/4403172320_38086723_20180301.jpg,854,536,1270,603,code
/home/adam/Pictures/vat/4403172320_38086723_20180301.jpg,858,708,1424,755,check_code
/home/adam/Pictures/vat/4403172320_38086723_20180301.jpg,2332,531,2613,593,number
/home/adam/Pictures/vat/4403172320_38086723_20180301.jpg,2575,698,2879,746,date
/home/adam/Pictures/vat/4403172320_38086723_20180301.jpg,979,1681,1987,1903,seller
/home/adam/Pictures/vat/4403172320_38086723_20180301.jpg,987,783,1986,1016,buyer
/home/adam/Pictures/vat/4403171320_02610616_20180119.jpg,800,536,1221,601,code
/home/adam/Pictures/vat/4403171320_02610616_20180119.jpg,2294,530,2566,594,number
/home/adam/Pictures/vat/4403171320_02610616_20180119.jpg,2472,685,2781,719,date
/home/adam/Pictures/vat/4403171320_02610616_20180119.jpg,883,787,1934,1008,buyer
/home/adam/Pictures/vat/4403171320_02610616_20180119.jpg,890,1687,1933,1904,seller
/home/adam/Pictures/vat/4403171320_02610616_20180119.jpg,1931,1679,2555,1719,check_code
/home/adam/Pictures/vat/3400181130_11787052_20180510.jpg,408,120,824,181,code
/home/adam/Pictures/vat/3400181130_11787052_20180510.jpg,571,359,1554,588,buyer
/home/adam/Pictures/vat/3400181130_11787052_20180510.jpg,1921,108,2286,179,number
/home/adam/Pictures/vat/3400181130_11787052_20180510.jpg,2173,256,2476,300,date
/home/adam/Pictures/vat/3400181130_11787052_20180510.jpg,570,1232,1549,1444,seller
/home/adam/Pictures/vat/4403162320_57569354_20171121_424853.jpg,394,111,814,173,code
/home/adam/Pictures/vat/4403162320_57569354_20171121_424853.jpg,396,284,962,324,check_code
/home/adam/Pictures/vat/4403162320_57569354_20171121_424853.jpg,1920,105,2192,169,number
/home/adam/Pictures/vat/4403162320_57569354_20171121_424853.jpg,2123,254,2427,296,date
/home/adam/Pictures/vat/4403162320_57569354_20171121_424853.jpg,525,360,1540,596,buyer
/home/adam/Pictures/vat/4403162320_57569354_20171121_424853.jpg,522,1239,1536,1447,seller
/home/adam/Pictures/vat/4300172320_16748541_20170912.jpg,275,80,558,124,code
/home/adam/Pictures/vat/4300172320_16748541_20170912.jpg,296,194,681,223,check_code
/home/adam/Pictures/vat/4300172320_16748541_20170912.jpg,384,244,1039,396,buyer
/home/adam/Pictures/vat/4300172320_16748541_20170912.jpg,1281,79,1465,124,number
/home/adam/Pictures/vat/4300172320_16748541_20170912.jpg,1456,178,1660,209,date
/home/adam/Pictures/vat/4300172320_16748541_20170912.jpg,382,829,1035,972,seller
/home/adam/Pictures/vat/3400181130_02579937_20180514.jpg,401,122,820,188,code
/home/adam/Pictures/vat/3400181130_02579937_20180514.jpg,1928,109,2288,179,number
/home/adam/Pictures/vat/3400181130_02579937_20180514.jpg,2152,248,2460,297,date
/home/adam/Pictures/vat/3400181130_02579937_20180514.jpg,556,357,1552,594,buyer
/home/adam/Pictures/vat/3400181130_02579937_20180514.jpg,549,1254,1552,1472,seller
/home/adam/Pictures/vat/2200174320_01417981_20180407.jpg,827,471,1251,542,code
/home/adam/Pictures/vat/2200174320_01417981_20180407.jpg,2332,453,2606,521,number
/home/adam/Pictures/vat/2200174320_01417981_20180407.jpg,2532,592,2850,630,date
/home/adam/Pictures/vat/2200174320_01417981_20180407.jpg,950,1615,1982,1833,seller
/home/adam/Pictures/vat/2200174320_01417981_20180407.jpg,1999,1600,2630,1644,check_code
/home/adam/Pictures/vat/2200174320_01417981_20180407.jpg,935,712,1972,949,buyer
/home/adam/Pictures/vat/1200181130_01522466_20180529.jpg,455,355,737,407,code
/home/adam/Pictures/vat/1200181130_01522466_20180529.jpg,1466,374,1707,427,number
/home/adam/Pictures/vat/1200181130_01522466_20180529.jpg,1611,476,1817,513,date
/home/adam/Pictures/vat/1200181130_01522466_20180529.jpg,533,1107,1201,1263,seller
/home/adam/Pictures/vat/1200181130_01522466_20180529.jpg,543,524,1220,686,buyer
/home/adam/Pictures/vat/1100174320_80924921_20180615_016735.jpg,438,111,863,180,code
/home/adam/Pictures/vat/1100174320_80924921_20180615_016735.jpg,456,264,1033,316,check_code
/home/adam/Pictures/vat/1100174320_80924921_20180615_016735.jpg,1944,121,2221,192,number
/home/adam/Pictures/vat/1100174320_80924921_20180615_016735.jpg,2197,252,2510,303,date
/home/adam/Pictures/vat/1100174320_80924921_20180615_016735.jpg,582,1219,1577,1444,seller
/home/adam/Pictures/vat/1100174320_80924921_20180615_016735.jpg,589,344,1581,577,buyer
/home/adam/Pictures/vat/1100181130_06915037_20180411.jpg,674,571,1097,636,code
/home/adam/Pictures/vat/1100181130_06915037_20180411.jpg,2184,567,2542,639,number
/home/adam/Pictures/vat/1100181130_06915037_20180411.jpg,2390,676,2697,720,date
/home/adam/Pictures/vat/1100181130_06915037_20180411.jpg,816,1709,1824,1944,seller
/home/adam/Pictures/vat/1100181130_06915037_20180411.jpg,794,816,1822,1051,buyer
/home/adam/Pictures/vat/4400171350_00001603_20170914.jpg,220,80,503,121,code
/home/adam/Pictures/vat/4400171350_00001603_20170914.jpg,218,191,603,222,check_code
/home/adam/Pictures/vat/4400171350_00001603_20170914.jpg,306,241,981,395,buyer
/home/adam/Pictures/vat/4400171350_00001603_20170914.jpg,1228,75,1415,119,number
/home/adam/Pictures/vat/4400171350_00001603_20170914.jpg,1378,185,1583,215,date
/home/adam/Pictures/vat/4400171350_00001603_20170914.jpg,295,825,975,971,seller
/home/adam/Pictures/vat/2102172320_05044340_20180420.jpg,823,531,1255,602,code
/home/adam/Pictures/vat/2102172320_05044340_20180420.jpg,2328,530,2603,597,number
/home/adam/Pictures/vat/2102172320_05044340_20180420.jpg,2539,681,2855,727,date
/home/adam/Pictures/vat/2102172320_05044340_20180420.jpg,942,1685,1976,1908,seller
/home/adam/Pictures/vat/2102172320_05044340_20180420.jpg,1993,1684,2626,1731,check_code
/home/adam/Pictures/vat/2102172320_05044340_20180420.jpg,935,777,1972,1021,buyer
/home/adam/Pictures/vat/3700164320_49726356_20170920.jpg,269,81,556,128,code
/home/adam/Pictures/vat/3700164320_49726356_20170920.jpg,261,185,646,216,check_code
/home/adam/Pictures/vat/3700164320_49726356_20170920.jpg,348,237,1032,396,buyer
/home/adam/Pictures/vat/3700164320_49726356_20170920.jpg,1286,90,1471,136,number
/home/adam/Pictures/vat/3700164320_49726356_20170920.jpg,1427,177,1631,209,date
/home/adam/Pictures/vat/3700164320_49726356_20170920.jpg,340,823,1028,972,seller
/home/adam/Pictures/vat/3702181130_02725520_20180510.jpg,397,116,813,179,code
/home/adam/Pictures/vat/3702181130_02725520_20180510.jpg,543,359,1542,588,buyer
/home/adam/Pictures/vat/3702181130_02725520_20180510.jpg,1913,120,2270,187,number
/home/adam/Pictures/vat/3702181130_02725520_20180510.jpg,2143,260,2444,303,date
/home/adam/Pictures/vat/3702181130_02725520_20180510.jpg,538,1238,1536,1450,seller
/home/adam/Pictures/vat/1100182130_02288774_20180427.jpg,827,563,1243,631,code
/home/adam/Pictures/vat/1100182130_02288774_20180427.jpg,2341,589,2695,669,number
/home/adam/Pictures/vat/1100182130_02288774_20180427.jpg,2557,740,2862,792,date
/home/adam/Pictures/vat/1100182130_02288774_20180427.jpg,940,1708,1948,1940,seller
/home/adam/Pictures/vat/1100182130_02288774_20180427.jpg,956,814,1964,1055,buyer
/home/adam/Pictures/vat/1100182130_02288770_20180427.jpg,780,573,1198,647,code
/home/adam/Pictures/vat/1100182130_02288770_20180427.jpg,2295,613,2647,694,number
/home/adam/Pictures/vat/1100182130_02288770_20180427.jpg,2507,763,2811,817,date
/home/adam/Pictures/vat/1100182130_02288770_20180427.jpg,880,1725,1893,1959,seller
/home/adam/Pictures/vat/1100182130_02288770_20180427.jpg,905,828,1915,1073,buyer
/home/adam/Pictures/vat/1100181130_01824899_20180124.jpg,703,570,1137,634,code
/home/adam/Pictures/vat/1100181130_01824899_20180124.jpg,2221,550,2582,625,number
/home/adam/Pictures/vat/1100181130_01824899_20180124.jpg,2420,693,2738,735,date
/home/adam/Pictures/vat/1100181130_01824899_20180124.jpg,814,1703,1853,1924,seller
/home/adam/Pictures/vat/1100181130_01824899_20180124.jpg,813,802,1853,1035,buyer
/home/adam/Pictures/vat/3100172320_32993643_20170921.jpg,252,76,542,123,code
/home/adam/Pictures/vat/3100172320_32993643_20170921.jpg,259,189,650,222,check_code
/home/adam/Pictures/vat/3100172320_32993643_20170921.jpg,347,239,1027,392,buyer
/home/adam/Pictures/vat/3100172320_32993643_20170921.jpg,1269,76,1449,124,number
/home/adam/Pictures/vat/3100172320_32993643_20170921.jpg,1419,176,1630,214,date
/home/adam/Pictures/vat/3100172320_32993643_20170921.jpg,345,818,1022,968,seller
/home/adam/Pictures/vat/3700162350_24687163_20170922.jpg,267,77,553,121,code
/home/adam/Pictures/vat/3700162350_24687163_20170922.jpg,254,176,643,208,check_code
/home/adam/Pictures/vat/3700162350_24687163_20170922.jpg,339,226,1038,381,buyer
/home/adam/Pictures/vat/3700162350_24687163_20170922.jpg,1294,63,1478,110,number
/home/adam/Pictures/vat/3700162350_24687163_20170922.jpg,1420,163,1627,192,date
/home/adam/Pictures/vat/3700162350_24687163_20170922.jpg,337,807,1037,951,seller
/home/adam/Pictures/vat/4400162350_01930614_20170915.jpg,285,79,568,120,code
/home/adam/Pictures/vat/4400162350_01930614_20170915.jpg,285,181,668,212,check_code
/home/adam/Pictures/vat/4400162350_01930614_20170915.jpg,371,231,1048,386,buyer
/home/adam/Pictures/vat/4400162350_01930614_20170915.jpg,1312,77,1494,121,number
/home/adam/Pictures/vat/4400162350_01930614_20170915.jpg,1447,166,1649,194,date
/home/adam/Pictures/vat/4400162350_01930614_20170915.jpg,369,818,1047,959,seller
/home/adam/Pictures/vat/5100163320_13217064_20171113.jpg,581,732,990,834,code
/home/adam/Pictures/vat/5100163320_13217064_20171113.jpg,496,888,1041,971,check_code
/home/adam/Pictures/vat/5100163320_13217064_20171113.jpg,2026,853,2288,931,number
/home/adam/Pictures/vat/1100174320_80179064_20180425.jpg,657,510,1086,595,code
/home/adam/Pictures/vat/1100174320_80179064_20180425.jpg,2155,538,2433,613,number
/home/adam/Pictures/vat/1100174320_80179064_20180425.jpg,2401,683,2709,737,date
/home/adam/Pictures/vat/1100174320_80179064_20180425.jpg,784,1657,1789,1892,seller
/home/adam/Pictures/vat/1100174320_80179064_20180425.jpg,672,678,1247,737,check_code
/home/adam/Pictures/vat/1100174320_80179064_20180425.jpg,802,762,1794,1005,buyer
/home/adam/Pictures/vat/4403162320_57569342_20171119_558269.jpg,412,117,832,179,code
/home/adam/Pictures/vat/4403162320_57569342_20171119_558269.jpg,416,289,985,329,check_code
/home/adam/Pictures/vat/4403162320_57569342_20171119_558269.jpg,546,368,1555,596,buyer
/home/adam/Pictures/vat/4403162320_57569342_20171119_558269.jpg,1937,112,2212,178,number
/home/adam/Pictures/vat/4403162320_57569342_20171119_558269.jpg,2143,266,2446,308,date
/home/adam/Pictures/vat/4403162320_57569342_20171119_558269.jpg,541,1248,1554,1459,seller
/home/adam/Pictures/vat/4100174320_25130781_20171218.jpg,365,1107,745,1164,code
/home/adam/Pictures/vat/4100174320_25130781_20171218.jpg,1757,1103,2008,1157,number
/home/adam/Pictures/vat/4100174320_25130781_20171218.jpg,1933,1230,2230,1263,date
/home/adam/Pictures/vat/4100174320_25130781_20171218.jpg,464,1324,1403,1525,buyer
/home/adam/Pictures/vat/4100174320_25130781_20171218.jpg,478,2092,1407,2277,seller
/home/adam/Pictures/vat/4100174320_25130781_20171218.jpg,1435,2085,2008,2117,check_code
/home/adam/Pictures/vat/3400181130_02499344_20180508.jpg,402,120,820,182,code
/home/adam/Pictures/vat/3400181130_02499344_20180508.jpg,1922,109,2287,183,number
/home/adam/Pictures/vat/3400181130_02499344_20180508.jpg,2140,256,2447,308,date
/home/adam/Pictures/vat/3400181130_02499344_20180508.jpg,539,361,1547,591,buyer
/home/adam/Pictures/vat/3400181130_02499344_20180508.jpg,538,1236,1544,1452,seller
/home/adam/Pictures/vat/3200172350_02332792_20180619_479623.jpg,366,115,799,180,code
/home/adam/Pictures/vat/3200172350_02332792_20180619_479623.jpg,385,293,959,336,check_code
/home/adam/Pictures/vat/3200172350_02332792_20180619_479623.jpg,1888,105,2165,170,number
/home/adam/Pictures/vat/3200172350_02332792_20180619_479623.jpg,2128,264,2434,314,date
/home/adam/Pictures/vat/3200172350_02332792_20180619_479623.jpg,518,359,1521,597,buyer
/home/adam/Pictures/vat/3200172350_02332792_20180619_479623.jpg,515,1247,1521,1461,seller
/home/adam/Pictures/vat/4400173320_33405426_20180413.jpg,813,556,1228,618,code
/home/adam/Pictures/vat/4400173320_33405426_20180413.jpg,2307,537,2582,599,number
/home/adam/Pictures/vat/4400173320_33405426_20180413.jpg,2518,699,2827,737,date
/home/adam/Pictures/vat/4400173320_33405426_20180413.jpg,919,789,1946,1018,buyer
/home/adam/Pictures/vat/4400173320_33405426_20180413.jpg,914,1684,1958,1901,seller
/home/adam/Pictures/vat/4400173320_33405426_20180413.jpg,1963,1684,2591,1726,check_code
/home/adam/Pictures/vat/3100181130_11801211_20180503.jpg,683,552,1104,619,code
/home/adam/Pictures/vat/3100181130_11801211_20180503.jpg,2201,562,2559,637,number
/home/adam/Pictures/vat/3100181130_11801211_20180503.jpg,2383,719,2700,762,date
/home/adam/Pictures/vat/3100181130_11801211_20180503.jpg,782,807,1833,1045,buyer
/home/adam/Pictures/vat/3100181130_11801211_20180503.jpg,778,1705,1824,1927,seller
/home/adam/Pictures/vat/4403162320_57569448_20171207_153367.jpg,410,113,828,173,code
/home/adam/Pictures/vat/4403162320_57569448_20171207_153367.jpg,419,285,985,329,check_code
/home/adam/Pictures/vat/4403162320_57569448_20171207_153367.jpg,547,361,1557,590,buyer
/home/adam/Pictures/vat/4403162320_57569448_20171207_153367.jpg,1935,96,2210,159,number
/home/adam/Pictures/vat/4403162320_57569448_20171207_153367.jpg,2148,271,2449,315,date
/home/adam/Pictures/vat/4403162320_57569448_20171207_153367.jpg,536,1241,1551,1451,seller
/home/adam/Pictures/vat/3100174320_35007086_20180619_941853.jpg,405,115,832,173,code
/home/adam/Pictures/vat/3100174320_35007086_20180619_941853.jpg,450,285,1023,327,check_code
/home/adam/Pictures/vat/3100174320_35007086_20180619_941853.jpg,1929,113,2198,177,number
/home/adam/Pictures/vat/3100174320_35007086_20180619_941853.jpg,2193,256,2500,307,date
/home/adam/Pictures/vat/3100174320_35007086_20180619_941853.jpg,579,355,1559,584,buyer
/home/adam/Pictures/vat/3100174320_35007086_20180619_941853.jpg,577,1230,1554,1451,seller
/home/adam/Pictures/vat/4403162320_57569328_20171116_257005.jpg,405,107,824,168,code
/home/adam/Pictures/vat/4403162320_57569328_20171116_257005.jpg,408,283,973,323,check_code
/home/adam/Pictures/vat/4403162320_57569328_20171116_257005.jpg,1928,101,2202,163,number
/home/adam/Pictures/vat/4403162320_57569328_20171116_257005.jpg,2134,260,2438,301,date
/home/adam/Pictures/vat/4403162320_57569328_20171116_257005.jpg,536,354,1549,585,buyer
/home/adam/Pictures/vat/4403162320_57569328_20171116_257005.jpg,530,1238,1544,1446,seller
/home/adam/Pictures/vat/3700162350_24687146_20170913.jpg,206,77,492,122,code
/home/adam/Pictures/vat/3700162350_24687146_20170913.jpg,190,175,576,212,check_code
/home/adam/Pictures/vat/3700162350_24687146_20170913.jpg,276,229,973,384,buyer
/home/adam/Pictures/vat/3700162350_24687146_20170913.jpg,1230,73,1415,120,number
/home/adam/Pictures/vat/3700162350_24687146_20170913.jpg,1350,169,1558,202,date
/home/adam/Pictures/vat/3700162350_24687146_20170913.jpg,267,812,969,960,seller
/home/adam/Pictures/vat/1100181130_16283179_20180328.jpg,715,686,1133,754,code
/home/adam/Pictures/vat/1100181130_16283179_20180328.jpg,2225,677,2587,754,number
/home/adam/Pictures/vat/1100181130_16283179_20180328.jpg,2434,838,2751,881,date
/home/adam/Pictures/vat/1100181130_16283179_20180328.jpg,828,1831,1860,2058,seller
/home/adam/Pictures/vat/1100181130_16283179_20180328.jpg,830,931,1864,1170,buyer
/home/adam/Pictures/vat/3200181130_17040079_20180509.jpg,410,115,825,178,code
/home/adam/Pictures/vat/3200181130_17040079_20180509.jpg,1925,105,2285,181,number
/home/adam/Pictures/vat/3200181130_17040079_20180509.jpg,2209,249,2513,300,date
/home/adam/Pictures/vat/3200181130_17040079_20180509.jpg,606,356,1553,591,buyer
/home/adam/Pictures/vat/3200181130_17040079_20180509.jpg,598,1232,1552,1450,seller
/home/adam/Pictures/vat/3400181130_11787050_20180510.jpg,409,120,828,185,code
/home/adam/Pictures/vat/3400181130_11787050_20180510.jpg,1927,104,2287,173,number
/home/adam/Pictures/vat/3400181130_11787050_20180510.jpg,2173,251,2477,297,date
/home/adam/Pictures/vat/3400181130_11787050_20180510.jpg,572,363,1560,590,buyer
/home/adam/Pictures/vat/3400181130_11787050_20180510.jpg,574,1233,1555,1448,seller
/home/adam/Pictures/vat/1100174130_09958173_20180208.jpg,672,556,1101,640,code
/home/adam/Pictures/vat/1100174130_09958173_20180208.jpg,2189,555,2554,635,number
/home/adam/Pictures/vat/1100174130_09958173_20180208.jpg,2417,723,2735,784,date
/home/adam/Pictures/vat/1100174130_09958173_20180208.jpg,802,1708,1818,1942,seller
/home/adam/Pictures/vat/1100174130_09958173_20180208.jpg,822,816,1821,1054,buyer
/home/adam/Pictures/vat/3400181130_02499346_20180508.jpg,379,116,794,179,code
/home/adam/Pictures/vat/3400181130_02499346_20180508.jpg,1898,109,2260,179,number
/home/adam/Pictures/vat/3400181130_02499346_20180508.jpg,2121,256,2426,303,date
/home/adam/Pictures/vat/3400181130_02499346_20180508.jpg,520,359,1525,591,buyer
/home/adam/Pictures/vat/3400181130_02499346_20180508.jpg,515,1236,1522,1452,seller
/home/adam/Pictures/vat/3700171320_26419009_20170918.jpg,259,74,546,118,code
/home/adam/Pictures/vat/3700171320_26419009_20170918.jpg,266,196,651,224,check_code
/home/adam/Pictures/vat/3700171320_26419009_20170918.jpg,353,235,1030,394,buyer
/home/adam/Pictures/vat/3700171320_26419009_20170918.jpg,1274,75,1458,119,number
/home/adam/Pictures/vat/3700171320_26419009_20170918.jpg,1429,174,1634,207,date
/home/adam/Pictures/vat/3700171320_26419009_20170918.jpg,353,828,1030,972,seller
/home/adam/Pictures/vat/4100172320_11252125_20170905.jpg,246,77,534,121,code
/home/adam/Pictures/vat/4100172320_11252125_20170905.jpg,255,197,639,227,check_code
/home/adam/Pictures/vat/4100172320_11252125_20170905.jpg,341,244,1018,404,buyer
/home/adam/Pictures/vat/4100172320_11252125_20170905.jpg,1268,73,1454,116,number
/home/adam/Pictures/vat/4100172320_11252125_20170905.jpg,1419,190,1624,223,date
/home/adam/Pictures/vat/4100172320_11252125_20170905.jpg,336,832,1013,979,seller
/home/adam/Pictures/vat/3100173320_18543141_20180511_710430.jpg,570,343,859,391,code
/home/adam/Pictures/vat/3100173320_18543141_20180511_710430.jpg,1574,346,1753,396,number
/home/adam/Pictures/vat/3100173320_18543141_20180511_710430.jpg,1718,438,1935,467,date
/home/adam/Pictures/vat/3100173320_18543141_20180511_710430.jpg,648,501,1335,659,buyer
/home/adam/Pictures/vat/3100173320_18543141_20180511_710430.jpg,649,1084,1331,1234,seller
/home/adam/Pictures/vat/3100173320_18543141_20180511_710430.jpg,1347,1084,1775,1115,check_code
/home/adam/Pictures/vat/3700171320_26393998_20170911.jpg,278,71,565,116,code
/home/adam/Pictures/vat/3700171320_26393998_20170911.jpg,282,202,667,229,check_code
/home/adam/Pictures/vat/3700171320_26393998_20170911.jpg,371,233,1047,400,buyer
/home/adam/Pictures/vat/3700171320_26393998_20170911.jpg,1297,73,1481,115,number
/home/adam/Pictures/vat/3700171320_26393998_20170911.jpg,1443,182,1648,214,date
/home/adam/Pictures/vat/3700171320_26393998_20170911.jpg,368,831,1046,981,seller
/home/adam/Pictures/vat/1100172320_39236552_20170915.jpg,281,68,572,128,code
/home/adam/Pictures/vat/1100172320_39236552_20170915.jpg,1290,59,1490,118,number
/home/adam/Pictures/vat/1100172320_39236552_20170915.jpg,1452,163,1665,204,date
/home/adam/Pictures/vat/1100172320_39236552_20170915.jpg,287,176,681,219,check_code
/home/adam/Pictures/vat/1100172320_39236552_20170915.jpg,370,816,1052,967,seller
/home/adam/Pictures/vat/1100172320_39236552_20170915.jpg,374,232,1052,388,buyer
/home/adam/Pictures/vat/3400181130_02499347_20180508.jpg,377,116,792,185,code
/home/adam/Pictures/vat/3400181130_02499347_20180508.jpg,516,361,1522,596,buyer
/home/adam/Pictures/vat/3400181130_02499347_20180508.jpg,1901,113,2259,188,number
/home/adam/Pictures/vat/3400181130_02499347_20180508.jpg,2120,262,2424,311,date
/home/adam/Pictures/vat/3400181130_02499347_20180508.jpg,512,1243,1518,1459,seller
/home/adam/Pictures/vat/1200171320_15187999_20170918.jpg,245,74,532,121,code
/home/adam/Pictures/vat/1200171320_15187999_20170918.jpg,1273,74,1454,124,number
/home/adam/Pictures/vat/1200171320_15187999_20170918.jpg,1403,182,1611,215,date
/home/adam/Pictures/vat/1200171320_15187999_20170918.jpg,236,192,626,222,check_code
/home/adam/Pictures/vat/1200171320_15187999_20170918.jpg,316,817,1010,968,seller
/home/adam/Pictures/vat/1200171320_15187999_20170918.jpg,322,237,1017,394,buyer
/home/adam/Pictures/vat/3702164320_09801772_20170919.jpg,256,80,542,123,code
/home/adam/Pictures/vat/3702164320_09801772_20170919.jpg,253,190,638,218,check_code
/home/adam/Pictures/vat/3702164320_09801772_20170919.jpg,341,241,1024,392,buyer
/home/adam/Pictures/vat/3702164320_09801772_20170919.jpg,1273,82,1453,124,number
/home/adam/Pictures/vat/3702164320_09801772_20170919.jpg,1415,170,1619,202,date
/home/adam/Pictures/vat/3702164320_09801772_20170919.jpg,341,824,1024,971,seller
/home/adam/Pictures/vat/1100174130_08428723_20180418.jpg,865,551,1278,644,code
/home/adam/Pictures/vat/1100174130_08428723_20180418.jpg,2311,617,2663,715,number
/home/adam/Pictures/vat/1100174130_08428723_20180418.jpg,2508,775,2815,838,date
/home/adam/Pictures/vat/1100174130_08428723_20180418.jpg,949,1660,1916,1919,seller
/home/adam/Pictures/vat/1100174130_08428723_20180418.jpg,981,800,1955,1064,buyer
/home/adam/Pictures/vat/3502174320_00048993_20180323.jpg,846,580,1266,647,code
/home/adam/Pictures/vat/3502174320_00048993_20180323.jpg,834,748,1404,792,check_code
/home/adam/Pictures/vat/3502174320_00048993_20180323.jpg,2353,574,2626,636,number
/home/adam/Pictures/vat/3502174320_00048993_20180323.jpg,2559,711,2861,755,date
/home/adam/Pictures/vat/3502174320_00048993_20180323.jpg,961,825,1989,1057,buyer
/home/adam/Pictures/vat/3502174320_00048993_20180323.jpg,970,1728,1991,1947,seller
/home/adam/Pictures/vat/5000174130_05099144_20180330.jpg,702,690,1123,754,code
/home/adam/Pictures/vat/5000174130_05099144_20180330.jpg,2220,679,2576,748,number
/home/adam/Pictures/vat/5000174130_05099144_20180330.jpg,2360,852,2662,892,date
/home/adam/Pictures/vat/5000174130_05099144_20180330.jpg,788,941,1850,1164,buyer
/home/adam/Pictures/vat/5000174130_05099144_20180330.jpg,787,1854,1849,2045,seller
/home/adam/Pictures/vat/1300171320_25836928_20170919.jpg,268,75,554,125,code
/home/adam/Pictures/vat/1300171320_25836928_20170919.jpg,268,199,653,235,check_code
/home/adam/Pictures/vat/1300171320_25836928_20170919.jpg,1284,75,1473,126,number
/home/adam/Pictures/vat/1300171320_25836928_20170919.jpg,1433,188,1644,217,date
/home/adam/Pictures/vat/1300171320_25836928_20170919.jpg,358,837,1031,988,seller
/home/adam/Pictures/vat/1300171320_25836928_20170919.jpg,352,240,1037,405,buyer
/home/adam/Pictures/vat/4400172320_38514920_20180419.jpg,904,565,1321,632,code
/home/adam/Pictures/vat/4400172320_38514920_20180419.jpg,2407,586,2680,649,number
/home/adam/Pictures/vat/3700164320_01277576_20170626.jpg,259,77,546,125,code
/home/adam/Pictures/vat/3700164320_01277576_20170626.jpg,1279,83,1466,129,number
/home/adam/Pictures/vat/3700164320_01277576_20170626.jpg,1396,175,1610,205,date
/home/adam/Pictures/vat/3700164320_01277576_20170626.jpg,318,239,1032,394,buyer
/home/adam/Pictures/vat/3700164320_01277576_20170626.jpg,312,822,1027,972,seller
/home/adam/Pictures/vat/3700164320_01277576_20170626.jpg,1024,825,1449,858,check_code
/home/adam/Pictures/vat/3200172350_02332791_20180619_269777.jpg,368,113,800,180,code
/home/adam/Pictures/vat/3200172350_02332791_20180619_269777.jpg,378,295,952,338,check_code
/home/adam/Pictures/vat/3200172350_02332791_20180619_269777.jpg,507,362,1525,598,buyer
/home/adam/Pictures/vat/3200172350_02332791_20180619_269777.jpg,1885,109,2165,175,number
/home/adam/Pictures/vat/3200172350_02332791_20180619_269777.jpg,2119,267,2427,317,date
/home/adam/Pictures/vat/3200172350_02332791_20180619_269777.jpg,505,1247,1523,1468,seller
/home/adam/Pictures/vat/1100181130_05419277_20180404.jpg,691,542,1116,608,code
/home/adam/Pictures/vat/1100181130_05419277_20180404.jpg,2212,538,2569,614,number
/home/adam/Pictures/vat/1100181130_05419277_20180404.jpg,2436,686,2741,733,date
/home/adam/Pictures/vat/1100181130_05419277_20180404.jpg,843,1694,1839,1915,seller
/home/adam/Pictures/vat/1100181130_05419277_20180404.jpg,840,793,1835,1025,buyer
/home/adam/Pictures/vat/4403162320_57608680_20171202_252475.jpg,414,111,834,173,code
/home/adam/Pictures/vat/4403162320_57608680_20171202_252475.jpg,429,288,997,330,check_code
/home/adam/Pictures/vat/4403162320_57608680_20171202_252475.jpg,560,367,1556,594,buyer
/home/adam/Pictures/vat/4403162320_57608680_20171202_252475.jpg,1939,111,2215,175,number
/home/adam/Pictures/vat/4403162320_57608680_20171202_252475.jpg,2162,270,2462,314,date
/home/adam/Pictures/vat/4403162320_57608680_20171202_252475.jpg,554,1244,1549,1455,seller
/home/adam/Pictures/vat/4403172320_44405463_20180326.jpg,850,542,1270,606,code
/home/adam/Pictures/vat/4403172320_44405463_20180326.jpg,2349,538,2619,602,number
/home/adam/Pictures/vat/4403172320_44405463_20180326.jpg,2587,680,2900,721,date
/home/adam/Pictures/vat/4403172320_44405463_20180326.jpg,989,787,1988,1015,buyer
/home/adam/Pictures/vat/4403172320_44405463_20180326.jpg,992,1690,1992,1907,seller
/home/adam/Pictures/vat/4403172320_44405463_20180326.jpg,2043,1684,2672,1724,check_code
/home/adam/Pictures/vat/3200181130_17040069_20180504.jpg,412,117,831,180,code
/home/adam/Pictures/vat/3200181130_17040069_20180504.jpg,1933,105,2297,180,number
/home/adam/Pictures/vat/3200181130_17040069_20180504.jpg,2227,254,2530,303,date
/home/adam/Pictures/vat/3200181130_17040069_20180504.jpg,621,357,1557,593,buyer
/home/adam/Pictures/vat/3200181130_17040069_20180504.jpg,613,1239,1560,1451,seller
/home/adam/Pictures/vat/2200174320_00905852_20180328.jpg,843,516,1267,580,code
/home/adam/Pictures/vat/2200174320_00905852_20180328.jpg,845,683,1412,731,check_code
/home/adam/Pictures/vat/2200174320_00905852_20180328.jpg,2340,514,2618,583,number
/home/adam/Pictures/vat/2200174320_00905852_20180328.jpg,2568,658,2872,704,date
/home/adam/Pictures/vat/2200174320_00905852_20180328.jpg,974,1655,1981,1878,seller
/home/adam/Pictures/vat/2200174320_00905852_20180328.jpg,972,763,1982,990,buyer
/home/adam/Pictures/vat/3500174320_04874115_20180418.jpg,823,618,1241,684,code
/home/adam/Pictures/vat/3500174320_04874115_20180418.jpg,840,772,1405,821,check_code
/home/adam/Pictures/vat/3500174320_04874115_20180418.jpg,969,850,1968,1083,buyer
/home/adam/Pictures/vat/3500174320_04874115_20180418.jpg,2315,581,2587,647,number
/home/adam/Pictures/vat/3500174320_04874115_20180418.jpg,2563,704,2865,749,date
/home/adam/Pictures/vat/3500174320_04874115_20180418.jpg,992,1745,1987,1964,seller
/home/adam/Pictures/vat/3200172350_02332794_20180619_370498.jpg,366,117,792,181,code
/home/adam/Pictures/vat/3200172350_02332794_20180619_370498.jpg,397,292,973,339,check_code
/home/adam/Pictures/vat/3200172350_02332794_20180619_370498.jpg,527,363,1517,601,buyer
/home/adam/Pictures/vat/3200172350_02332794_20180619_370498.jpg,1884,108,2166,176,number
/home/adam/Pictures/vat/3200172350_02332794_20180619_370498.jpg,2136,268,2442,316,date
/home/adam/Pictures/vat/3200172350_02332794_20180619_370498.jpg,523,1247,1514,1467,seller
/home/adam/Pictures/vat/4403162320_57569358_20171122_589638.jpg,382,116,802,174,code
/home/adam/Pictures/vat/4403162320_57569358_20171122_589638.jpg,391,289,961,331,check_code
/home/adam/Pictures/vat/4403162320_57569358_20171122_589638.jpg,1906,111,2183,174,number
/home/adam/Pictures/vat/4403162320_57569358_20171122_589638.jpg,2119,252,2420,298,date
/home/adam/Pictures/vat/4403162320_57569358_20171122_589638.jpg,520,365,1527,597,buyer
/home/adam/Pictures/vat/4403162320_57569358_20171122_589638.jpg,518,1243,1520,1454,seller
/home/adam/Pictures/vat/3100151320_49640144_20180429.jpg,644,526,1066,593,code
/home/adam/Pictures/vat/3100151320_49640144_20180429.jpg,661,689,1225,740,check_code
/home/adam/Pictures/vat/3100151320_49640144_20180429.jpg,2158,509,2430,582,number
/home/adam/Pictures/vat/3100151320_49640144_20180429.jpg,2370,674,2608,712,date
/home/adam/Pictures/vat/3100151320_49640144_20180429.jpg,789,1664,1794,1887,seller
/home/adam/Pictures/vat/3100151320_49640144_20180429.jpg,784,766,1786,1004,buyer
/home/adam/Pictures/vat/5300171320_19703440_20171117.jpg,1205,223,1605,289,code
/home/adam/Pictures/vat/5300171320_19703440_20171117.jpg,2576,193,2827,256,number
/home/adam/Pictures/vat/5300171320_19703440_20171117.jpg,2752,334,3048,377,date
/home/adam/Pictures/vat/1100182130_05002308_20180502.jpg,768,939,1189,1012,code
/home/adam/Pictures/vat/1100182130_05002308_20180502.jpg,2283,885,2642,959,number
/home/adam/Pictures/vat/1100182130_05002308_20180502.jpg,2497,1024,2801,1072,date
/home/adam/Pictures/vat/1100182130_05002308_20180502.jpg,932,2064,1958,2297,seller
/home/adam/Pictures/vat/1100182130_05002308_20180502.jpg,911,1166,1927,1419,buyer
/home/adam/Pictures/vat/1100182130_02288767_20180427.jpg,792,585,1207,651,code
/home/adam/Pictures/vat/1100182130_02288767_20180427.jpg,2299,575,2655,647,number
/home/adam/Pictures/vat/1100182130_02288767_20180427.jpg,2517,728,2827,778,date
/home/adam/Pictures/vat/1100182130_02288767_20180427.jpg,924,1733,1936,1956,seller
/home/adam/Pictures/vat/1100182130_02288767_20180427.jpg,922,835,1936,1067,buyer
/home/adam/Pictures/vat/5300162350_14575717_20171228.jpg,1239,209,1630,273,code
/home/adam/Pictures/vat/5300162350_14575717_20171228.jpg,2628,208,2875,271,number
/home/adam/Pictures/vat/4500173320_14112820_20180503.jpg,705,608,1122,672,code
/home/adam/Pictures/vat/4500173320_14112820_20180503.jpg,707,785,1271,829,check_code
/home/adam/Pictures/vat/4500173320_14112820_20180503.jpg,834,857,1838,1094,buyer
/home/adam/Pictures/vat/4500173320_14112820_20180503.jpg,2193,606,2465,674,number
/home/adam/Pictures/vat/4500173320_14112820_20180503.jpg,2429,769,2734,814,date
/home/adam/Pictures/vat/4500173320_14112820_20180503.jpg,829,1762,1831,1990,seller
/home/adam/Pictures/vat/3400181130_02579944_20180514.jpg,409,121,826,184,code
/home/adam/Pictures/vat/3400181130_02579944_20180514.jpg,568,351,1557,583,buyer
/home/adam/Pictures/vat/3400181130_02579944_20180514.jpg,1933,107,2292,177,number
/home/adam/Pictures/vat/3400181130_02579944_20180514.jpg,2163,242,2466,289,date
/home/adam/Pictures/vat/3400181130_02579944_20180514.jpg,561,1247,1557,1467,seller
/home/adam/Pictures/vat/3200172350_02332790_20180619_641888.jpg,368,115,799,179,code
/home/adam/Pictures/vat/3200172350_02332790_20180619_641888.jpg,370,287,949,328,check_code
/home/adam/Pictures/vat/3200172350_02332790_20180619_641888.jpg,1893,111,2170,177,number
/home/adam/Pictures/vat/3200172350_02332790_20180619_641888.jpg,2116,263,2421,312,date
/home/adam/Pictures/vat/3200172350_02332790_20180619_641888.jpg,498,355,1524,590,buyer
/home/adam/Pictures/vat/3200172350_02332790_20180619_641888.jpg,496,1241,1516,1460,seller
/home/adam/Pictures/vat/1100182130_07062299_20180426.jpg,741,632,1159,697,code
/home/adam/Pictures/vat/1100182130_07062299_20180426.jpg,2247,633,2601,709,number
/home/adam/Pictures/vat/1100182130_07062299_20180426.jpg,2476,777,2779,821,date
/home/adam/Pictures/vat/1100182130_07062299_20180426.jpg,882,1780,1885,2002,seller
/home/adam/Pictures/vat/1100182130_07062299_20180426.jpg,879,877,1884,1116,buyer
/home/adam/Pictures/vat/3700162350_24687145_20170913.jpg,268,76,554,119,code
/home/adam/Pictures/vat/3700162350_24687145_20170913.jpg,257,160,639,199,check_code
/home/adam/Pictures/vat/3700162350_24687145_20170913.jpg,341,214,1039,382,buyer
/home/adam/Pictures/vat/3700162350_24687145_20170913.jpg,1296,66,1481,114,number
/home/adam/Pictures/vat/3700162350_24687145_20170913.jpg,1416,158,1625,196,date
/home/adam/Pictures/vat/3700162350_24687145_20170913.jpg,331,795,1033,951,seller
/home/adam/Pictures/vat/4300174130_00473338_20180108.jpg,1073,418,1489,494,code
/home/adam/Pictures/vat/4300174130_00473338_20180108.jpg,2594,342,2955,418,number
/home/adam/Pictures/vat/4300174130_00473338_20180108.jpg,2819,473,3118,522,date
/home/adam/Pictures/vat/1200173320_08697812_20180323.jpg,834,498,1251,568,code
/home/adam/Pictures/vat/1200173320_08697812_20180323.jpg,819,676,1386,725,check_code
/home/adam/Pictures/vat/1200173320_08697812_20180323.jpg,2321,508,2592,572,number
/home/adam/Pictures/vat/1200173320_08697812_20180323.jpg,2535,653,2841,701,date
/home/adam/Pictures/vat/1200173320_08697812_20180323.jpg,945,1650,1960,1867,seller
/home/adam/Pictures/vat/1200173320_08697812_20180323.jpg,943,747,1961,984,buyer
